"treeID.x","src","pair_id","treeID.y","obs","pred","Zobs","Xobs","Yobs","Zpred","dxy","dz","dxyz","site","Site_Tag","Tag_Number","Height","DBH","Crown_Radius","Canopy_Position","X","Y","Reference","Site_Name","Crown_Radius_Mod","Crown_Area","N","Pixel_Code","Class","Classified","DBH_bins"
1,1,1,1,5115,NA,16.1,327955.080080329,4309989.53873426,16.663,1.14504806812655,0.562999999999999,1.27597181721241,"SG-SWR1","SG-SWR15115",5115,16.1,32.8,1.8202,NA,-106.984588466298,38.921966200252,"ABLA","SG-SWR1",1.866366,14.0625,1,47,"","PICO",4
2,1,2,2,5206,NA,12,327972.709439227,4309982.7417017,13.271,2.22571015306434,1.271,2.5630502697867,"SG-SWR1","SG-SWR15206",5206,12,11.8,1.484,NA,-106.984383514317,38.921908442072,"PICO","SG-SWR1",1.588222,17,2,47,"","PICO",2
3,1,3,3,5215,NA,11.3,327969.049673184,4309982.81952466,11.449,1.85044118662452,0.148999999999999,1.85643033404336,"SG-SWR1","SG-SWR15215",5215,11.3,38.8,1.4266,NA,-106.984425726701,38.921908425469,"PICO","SG-SWR1",1.438818,13.375,3,47,"","PICO",4
4,1,4,4,5190,NA,9.6,327978.660169948,4309983.19875218,11.41,0.41335907496192,1.81,1.85660058301547,"SG-SWR1","SG-SWR15190",5190,9.6,18.5,1.2872,NA,-106.984315023995,38.921913724879,"PICO","SG-SWR1",1.43562,14.375,4,47,"","PICO",2
5,1,5,5,5126,NA,11.8,327966.220401938,4309989.77057823,11.31,3.7773612148591,0.49,3.80901007448416,"SG-SWR1","SG-SWR15126",5126,11.8,39.6,1.4676,NA,-106.984460089413,38.921970472399,"PIEN","SG-SWR1",1.42742,17.5,5,46,"","PIEN",4
6,1,6,6,5049,NA,10.6,327982.606767243,4310006.22474624,11.067,1.6553390638692,0.467000000000001,1.7199524459622,"SG-SWR1","SG-SWR15049",5049,10.6,23.2,1.3692,NA,-106.984275302591,38.922121872058,"PIEN","SG-SWR1",1.407494,4.75,6,47,"","PICO",3
7,1,78,7,5117,NA,14,327958.064164054,4309989.85489033,10.957,3.48436635389119,3.043,4.62608450940198,"SG-SWR1","SG-SWR15117",5117,14,23.8,1.648,"C",-106.984554142602,38.921969632639,"ABLA","SG-SWR1",1.398474,5.0625,7,47,"","PICO",3
9,1,7,9,5107,NA,12.7,327952.512895571,4309988.01642299,10.745,1.05836897419881,1.955,2.22309916232872,"SG-SWR1","SG-SWR15107",5107,12.7,25.4,1.5414,NA,-106.984617680894,38.92195198689,"ABLA","SG-SWR1",1.38109,6.1875,8,46,"","PIEN",3
10,1,8,10,5009,NA,9.6,327958.259594755,4310007.15837955,10.694,2.01168222828737,1.094,2.28991296507252,"SG-SWR1","SG-SWR15009",5009,9.6,24.4,1.2872,NA,-106.984556232378,38.922125507209,"PICO","SG-SWR1",1.376908,11.125,9,47,"","PICO",3
195,1,NA,195,NA,NA,NA,NA,NA,34.604,NA,NA,NA,"CC-UC1","CC-UC1NA",NA,NA,NA,NA,NA,NA,NA,NA,NA,3.337528,21.0625,10,46,"","PIEN",NA
196,1,1,196,6531,NA,34.3,320850.664059817,4301035.5859128,31.452,2.05087326338226,2.848,3.50958475356504,"CC-UC1","CC-UC16531",6531,34.3,72.4,3.3126,"C",-107.064156096894,38.839908188337,"PIEN","CC-UC1",3.079064,6.3125,11,46,"","PIEN",NA
197,1,NA,197,NA,NA,NA,NA,NA,30.924,NA,NA,NA,"CC-UC1","CC-UC1NA",NA,NA,NA,NA,NA,NA,NA,NA,NA,3.035768,18.375,12,46,"","PIEN",NA
198,1,NA,198,NA,NA,NA,NA,NA,30.159,NA,NA,NA,"CC-UC1","CC-UC1NA",NA,NA,NA,NA,NA,NA,NA,NA,NA,2.973038,3.4375,13,46,"","PIEN",NA
199,1,2,199,6055,NA,29.3,320864.73810764,4301046.07890961,29.224,4.84644411338814,0.0760000000000005,4.84703997757338,"CC-UC1","CC-UC16055",6055,29.3,47.4,2.9026,"C",-107.063996764751,38.840005550416,"PIEN","CC-UC1",2.896368,3.8125,14,51,"Riparian shrubland",NA,5
200,1,3,200,6401,NA,25.5,320854.819580717,4301045.73899895,29.05,3.93043467818398,3.55,5.29630217788517,"CC-UC1","CC-UC16401",6401,25.5,NA,2.591,NA,-107.064110888558,38.8400004703234,"ABLA","CC-UC1",2.8821,14.4375,15,46,"","PIEN",NA
201,1,4,201,6053,NA,29.3,320864.140385894,4301038.54240281,28.791,2.00137324797785,0.509,2.06508495653845,"CC-UC1","CC-UC16053",6053,29.3,46.1,2.9026,"C",-107.064001686072,38.839937556901,"ABLA","CC-UC1",2.860862,30.5,16,46,"","PIEN",5
202,1,NA,202,NA,NA,NA,NA,NA,28.684,NA,NA,NA,"CC-UC1","CC-UC1NA",NA,NA,NA,NA,NA,NA,NA,NA,NA,2.852088,15.125,17,47,"","PICO",NA
203,1,NA,203,NA,NA,NA,NA,NA,27.928,NA,NA,NA,"CC-UC1","CC-UC1NA",NA,NA,NA,NA,NA,NA,NA,NA,NA,2.790096,5.9375,18,46,"","PIEN",NA
204,1,76,204,6085,NA,24.2,320853.157327669,4301030.36683342,27.068,2.21025241102033,2.868,3.62086173726935,"CC-UC1","CC-UC16085",6085,24.2,34.1,2.4844,"C",-107.064126028435,38.83986169418,"ABLA","CC-UC1",2.719576,2.75,19,46,"","PIEN",4
205,1,NA,205,NA,NA,NA,NA,NA,26.785,NA,NA,NA,"CC-UC1","CC-UC1NA",NA,NA,NA,NA,NA,NA,NA,NA,NA,2.69637,5.4375,20,46,"","PIEN",NA
206,1,NA,206,NA,NA,NA,NA,NA,26.657,NA,NA,NA,"CC-UC1","CC-UC1NA",NA,NA,NA,NA,NA,NA,NA,NA,NA,2.685874,4.0625,21,51,"Riparian shrubland",NA,NA
207,1,5,207,6057,NA,26.3,320849.48094962,4301035.58179383,25.784,3.77231883536,0.516000000000002,3.80744604631659,"CC-UC1","CC-UC16057",6057,26.3,34.6,2.6566,"C",-107.064169719369,38.839907910405,"ABLA","CC-UC1",2.614288,5.75,22,46,"","PIEN",4
208,1,NA,208,NA,NA,NA,NA,NA,25.325,NA,NA,NA,"CC-UC1","CC-UC1NA",NA,NA,NA,NA,NA,NA,NA,NA,NA,2.57665,3.5,23,46,"","PIEN",NA
209,1,NA,209,NA,NA,NA,NA,NA,25.254,NA,NA,NA,"CC-UC1","CC-UC1NA",NA,NA,NA,NA,NA,NA,NA,NA,NA,2.570828,23.625,24,46,"","PIEN",NA
210,1,77,210,6065,NA,22,320838.871445186,4301031.11761634,24.459,2.76129190402118,2.459,3.69748752252295,"CC-UC1","CC-UC16065",6065,22,30,2.304,"C",-107.064290726085,38.839865547397,"ABLA","CC-UC1",2.505638,19.25,25,46,"","PIEN",3
211,1,6,211,6050,NA,24.2,320859.188480188,4301048.78929801,23.972,1.86982958677875,0.227999999999998,1.88367902881388,"CC-UC1","CC-UC16050",6050,24.2,33.8,2.4844,"C",-107.064061374393,38.84002882985,"PIEN","CC-UC1",2.465704,7.75,26,51,"Riparian shrubland",NA,4
212,1,NA,212,NA,NA,NA,NA,NA,23.871,NA,NA,NA,"CC-UC1","CC-UC1NA",NA,NA,NA,NA,NA,NA,NA,NA,NA,2.457422,10.25,27,46,"","PIEN",NA
213,1,NA,213,NA,NA,NA,NA,NA,23.49,NA,NA,NA,"CC-UC1","CC-UC1NA",NA,NA,NA,NA,NA,NA,NA,NA,NA,2.42618,8.6875,28,46,"","PIEN",NA
214,1,7,214,6517,NA,22.4,320836.636707342,4301025.16007613,23.435,1.18641602196946,1.035,1.57442306169144,"CC-UC1","CC-UC16517",6517,22.4,35.4,2.3368,"C",-107.064314908383,38.839811440384,"ABLA","CC-UC1",2.42167,22.4375,29,45,"Evergreen forest","ABLA",4
403,1,NA,403,NA,NA,NA,NA,NA,37.341,NA,NA,NA,"WG-WGM1","WG-WGM1NA",NA,NA,NA,NA,NA,NA,NA,NA,NA,3.561962,14.5625,30,46,"","PIEN",NA
404,1,NA,404,NA,NA,NA,NA,NA,35.601,NA,NA,NA,"WG-WGM1","WG-WGM1NA",NA,NA,NA,NA,NA,NA,NA,NA,NA,3.419282,13.625,31,46,"","PIEN",NA
405,1,NA,405,NA,NA,NA,NA,NA,35.343,NA,NA,NA,"WG-WGM1","WG-WGM1NA",NA,NA,NA,NA,NA,NA,NA,NA,NA,3.398126,9,32,46,"","PIEN",NA
406,1,1,406,6850,NA,32.4,324404.45684307,4313017.94038121,34.428,0.815685553026014,2.028,2.18589270583333,"WG-WGM1","WG-WGM16850",6850,32.4,76.5,3.1568,NA,-107.026298608833,38.9485360937396,"PIEN","WG-WGM1",3.323096,6.875,33,46,"","PIEN",NA
407,1,NA,407,NA,NA,NA,NA,NA,33.722,NA,NA,NA,"WG-WGM1","WG-WGM1NA",NA,NA,NA,NA,NA,NA,NA,NA,NA,3.265204,6.25,34,46,"","PIEN",NA
408,1,NA,408,NA,NA,NA,NA,NA,33.077,NA,NA,NA,"WG-WGM1","WG-WGM1NA",NA,NA,NA,NA,NA,NA,NA,NA,NA,3.212314,5.1875,35,46,"","PIEN",NA
409,1,NA,409,NA,NA,NA,NA,NA,32.876,NA,NA,NA,"WG-WGM1","WG-WGM1NA",NA,NA,NA,NA,NA,NA,NA,NA,NA,3.195832,11.5,36,46,"","PIEN",NA
410,1,NA,410,NA,NA,NA,NA,NA,32.345,NA,NA,NA,"WG-WGM1","WG-WGM1NA",NA,NA,NA,NA,NA,NA,NA,NA,NA,3.15229,6.625,37,46,"","PIEN",NA
411,1,NA,411,NA,NA,NA,NA,NA,32.244,NA,NA,NA,"WG-WGM1","WG-WGM1NA",NA,NA,NA,NA,NA,NA,NA,NA,NA,3.144008,1.875,38,46,"","PIEN",NA
412,1,NA,412,NA,NA,NA,NA,NA,31.703,NA,NA,NA,"WG-WGM1","WG-WGM1NA",NA,NA,NA,NA,NA,NA,NA,NA,NA,3.099646,19,39,46,"","PIEN",NA
413,1,NA,413,NA,NA,NA,NA,NA,31.218,NA,NA,NA,"WG-WGM1","WG-WGM1NA",NA,NA,NA,NA,NA,NA,NA,NA,NA,3.059876,5.1875,40,46,"","PIEN",NA
414,1,NA,414,NA,NA,NA,NA,NA,31.111,NA,NA,NA,"WG-WGM1","WG-WGM1NA",NA,NA,NA,NA,NA,NA,NA,NA,NA,3.051102,7,41,46,"","PIEN",NA
415,1,NA,415,NA,NA,NA,NA,NA,30.859,NA,NA,NA,"WG-WGM1","WG-WGM1NA",NA,NA,NA,NA,NA,NA,NA,NA,NA,3.030438,15.8125,42,46,"","PIEN",NA
416,1,NA,416,NA,NA,NA,NA,NA,30.738,NA,NA,NA,"WG-WGM1","WG-WGM1NA",NA,NA,NA,NA,NA,NA,NA,NA,NA,3.020516,13,43,46,"","PIEN",NA
417,1,NA,417,NA,NA,NA,NA,NA,30.504,NA,NA,NA,"WG-WGM1","WG-WGM1NA",NA,NA,NA,NA,NA,NA,NA,NA,NA,3.001328,6.3125,44,46,"","PIEN",NA
418,1,2,418,6834,NA,31.5,324387.60304477,4313010.06280173,30.476,4.31354580357389,1.024,4.43342456793052,"WG-WGM1","WG-WGM16834",6834,31.5,40.9,3.083,NA,-107.026490960428,38.9484617740066,"PIEN","WG-WGM1",2.999032,12.8125,45,46,"","PIEN",5
419,1,NA,419,NA,NA,NA,NA,NA,29.936,NA,NA,NA,"WG-WGM1","WG-WGM1NA",NA,NA,NA,NA,NA,NA,NA,NA,NA,2.954752,11.4375,46,45,"Evergreen forest","ABLA",NA
420,1,NA,420,NA,NA,NA,NA,NA,29.781,NA,NA,NA,"WG-WGM1","WG-WGM1NA",NA,NA,NA,NA,NA,NA,NA,NA,NA,2.942042,3.75,47,20,"Urban",NA,NA
421,1,NA,421,NA,NA,NA,NA,NA,29.685,NA,NA,NA,"WG-WGM1","WG-WGM1NA",NA,NA,NA,NA,NA,NA,NA,NA,NA,2.93417,5.875,48,46,"","PIEN",NA
422,1,NA,422,NA,NA,NA,NA,NA,29.61,NA,NA,NA,"WG-WGM1","WG-WGM1NA",NA,NA,NA,NA,NA,NA,NA,NA,NA,2.92802,6.0625,49,46,"","PIEN",NA
423,1,NA,423,NA,NA,NA,NA,NA,29.52,NA,NA,NA,"WG-WGM1","WG-WGM1NA",NA,NA,NA,NA,NA,NA,NA,NA,NA,2.92064,10.875,50,46,"","PIEN",NA
424,1,NA,424,NA,NA,NA,NA,NA,29.331,NA,NA,NA,"WG-WGM1","WG-WGM1NA",NA,NA,NA,NA,NA,NA,NA,NA,NA,2.905142,12.375,51,46,"","PIEN",NA
425,1,NA,425,NA,NA,NA,NA,NA,29.263,NA,NA,NA,"WG-WGM1","WG-WGM1NA",NA,NA,NA,NA,NA,NA,NA,NA,NA,2.899566,3.3125,52,46,"","PIEN",NA
426,1,NA,426,NA,NA,NA,NA,NA,29.09,NA,NA,NA,"WG-WGM1","WG-WGM1NA",NA,NA,NA,NA,NA,NA,NA,NA,NA,2.88538,10.625,53,46,"","PIEN",NA
427,1,NA,427,NA,NA,NA,NA,NA,29.03,NA,NA,NA,"WG-WGM1","WG-WGM1NA",NA,NA,NA,NA,NA,NA,NA,NA,NA,2.88046,11.625,54,46,"","PIEN",NA
428,1,3,428,6884,NA,32.5,324416.815057333,4313022.31499363,28.908,1.43648032614691,3.592,3.86858368494299,"WG-WGM1","WG-WGM16884",6884,32.5,52.1,3.165,NA,-107.026157205348,38.9485779658034,"PIEN","WG-WGM1",2.870456,16.5,55,46,"","PIEN",NA
429,1,NA,429,NA,NA,NA,NA,NA,28.592,NA,NA,NA,"WG-WGM1","WG-WGM1NA",NA,NA,NA,NA,NA,NA,NA,NA,NA,2.844544,7.6875,56,45,"Evergreen forest","ABLA",NA
430,1,NA,430,NA,NA,NA,NA,NA,27.941,NA,NA,NA,"WG-WGM1","WG-WGM1NA",NA,NA,NA,NA,NA,NA,NA,NA,NA,2.791162,14.25,57,45,"Evergreen forest","ABLA",NA
431,1,NA,431,NA,NA,NA,NA,NA,27.845,NA,NA,NA,"WG-WGM1","WG-WGM1NA",NA,NA,NA,NA,NA,NA,NA,NA,NA,2.78329,2.5,58,46,"","PIEN",NA
432,1,4,432,6751,NA,27.9,324388.088783404,4313007.26389107,27.779,3.73335225303631,0.120999999999999,3.73531257664621,"WG-WGM1","WG-WGM16751",6751,27.9,46.6,2.7878,NA,-107.026484640493,38.9484366649134,"PIEN","WG-WGM1",2.777878,6.5,59,46,"","PIEN",5
433,1,NA,433,NA,NA,NA,NA,NA,27.673,NA,NA,NA,"WG-WGM1","WG-WGM1NA",NA,NA,NA,NA,NA,NA,NA,NA,NA,2.769186,11,60,46,"","PIEN",NA
434,1,5,434,6761,NA,28.9,324396.931139182,4313004.17348923,27.609,3.79520988065669,1.291,4.0087777486703,"WG-WGM1","WG-WGM16761",6761,28.9,44.2,2.8698,NA,-107.026381870314,38.9484106046222,"PIEN","WG-WGM1",2.763938,12.375,61,46,"","PIEN",5
435,1,NA,435,NA,NA,NA,NA,NA,27.486,NA,NA,NA,"WG-WGM1","WG-WGM1NA",NA,NA,NA,NA,NA,NA,NA,NA,NA,2.753852,5.5625,62,46,"","PIEN",NA
436,1,6,436,6723,NA,25.5,324382.055678332,4313032.2921484,27.343,3.83850047336559,1.843,4.25802006618427,"WG-WGM1","WG-WGM16723",6723,25.5,34.5,2.591,NA,-107.026560639917,38.9486608555197,"ABLA","WG-WGM1",2.742126,8.625,63,46,"","PIEN",4
437,1,7,437,6752,NA,26.7,324382.674224109,4313013.99627912,27.185,0.942576466610282,0.484999999999999,1.0600355632749,"WG-WGM1","WG-WGM16752",6752,26.7,32.1,2.6894,NA,-107.026548812799,38.9484962107314,"PIEN","WG-WGM1",2.72917,6.9375,64,46,"","PIEN",4
438,1,NA,438,NA,NA,NA,NA,NA,27.075,NA,NA,NA,"WG-WGM1","WG-WGM1NA",NA,NA,NA,NA,NA,NA,NA,NA,NA,2.72015,6.0625,65,45,"Evergreen forest","ABLA",NA
439,1,NA,439,NA,NA,NA,NA,NA,26.798,NA,NA,NA,"WG-WGM1","WG-WGM1NA",NA,NA,NA,NA,NA,NA,NA,NA,NA,2.697436,2.9375,66,46,"","PIEN",NA
440,1,NA,440,NA,NA,NA,NA,NA,26.584,NA,NA,NA,"WG-WGM1","WG-WGM1NA",NA,NA,NA,NA,NA,NA,NA,NA,NA,2.679888,4.0625,67,45,"Evergreen forest","ABLA",NA
441,1,NA,441,NA,NA,NA,NA,NA,26.505,NA,NA,NA,"WG-WGM1","WG-WGM1NA",NA,NA,NA,NA,NA,NA,NA,NA,NA,2.67341,3.625,68,47,"","PICO",NA
442,1,NA,442,NA,NA,NA,NA,NA,26.348,NA,NA,NA,"WG-WGM1","WG-WGM1NA",NA,NA,NA,NA,NA,NA,NA,NA,NA,2.660536,12.3125,69,46,"","PIEN",NA
443,1,NA,443,NA,NA,NA,NA,NA,25.906,NA,NA,NA,"WG-WGM1","WG-WGM1NA",NA,NA,NA,NA,NA,NA,NA,NA,NA,2.624292,6.1875,70,45,"Evergreen forest","ABLA",NA
444,1,NA,444,NA,NA,NA,NA,NA,25.852,NA,NA,NA,"WG-WGM1","WG-WGM1NA",NA,NA,NA,NA,NA,NA,NA,NA,NA,2.619864,5.375,71,46,"","PIEN",NA
445,1,NA,445,NA,NA,NA,NA,NA,25.503,NA,NA,NA,"WG-WGM1","WG-WGM1NA",NA,NA,NA,NA,NA,NA,NA,NA,NA,2.591246,5.3125,72,45,"Evergreen forest","ABLA",NA
446,1,NA,446,NA,NA,NA,NA,NA,25.42,NA,NA,NA,"WG-WGM1","WG-WGM1NA",NA,NA,NA,NA,NA,NA,NA,NA,NA,2.58444,2.75,73,46,"","PIEN",NA
447,1,8,447,6839,NA,26.4,324398.329032195,4313009.79026216,25.198,0.684906632046233,1.202,1.38343814267965,"WG-WGM1","WG-WGM16839",6839,26.4,38.8,2.6648,NA,-107.026367189399,38.948461468092,"PIEN","WG-WGM1",2.566236,11.0625,74,45,"Evergreen forest","ABLA",4
448,1,NA,448,NA,NA,NA,NA,NA,25.192,NA,NA,NA,"WG-WGM1","WG-WGM1NA",NA,NA,NA,NA,NA,NA,NA,NA,NA,2.565744,10.1875,75,46,"","PIEN",NA
449,1,NA,449,NA,NA,NA,NA,NA,25.052,NA,NA,NA,"WG-WGM1","WG-WGM1NA",NA,NA,NA,NA,NA,NA,NA,NA,NA,2.554264,3.625,76,45,"Evergreen forest","ABLA",NA
450,1,NA,450,NA,NA,NA,NA,NA,24.913,NA,NA,NA,"WG-WGM1","WG-WGM1NA",NA,NA,NA,NA,NA,NA,NA,NA,NA,2.542866,17.0625,77,45,"Evergreen forest","ABLA",NA
451,1,NA,451,NA,NA,NA,NA,NA,24.849,NA,NA,NA,"WG-WGM1","WG-WGM1NA",NA,NA,NA,NA,NA,NA,NA,NA,NA,2.537618,14.125,78,46,"","PIEN",NA
452,1,9,452,6745,NA,25,324387.48772762,4313011.53958222,24.809,1.78590643646521,0.190999999999999,1.7960909775977,"WG-WGM1","WG-WGM16745",6745,25,30.8,2.55,NA,-107.026492669194,38.9484750504776,"PIEN","WG-WGM1",2.534338,7.6875,79,46,"","PIEN",4
453,1,NA,453,NA,NA,NA,NA,NA,24.797,NA,NA,NA,"WG-WGM1","WG-WGM1NA",NA,NA,NA,NA,NA,NA,NA,NA,NA,2.533354,2.8125,80,46,"","PIEN",NA
454,1,NA,454,NA,NA,NA,NA,NA,24.792,NA,NA,NA,"WG-WGM1","WG-WGM1NA",NA,NA,NA,NA,NA,NA,NA,NA,NA,2.532944,7.6875,81,46,"","PIEN",NA
455,1,NA,455,NA,NA,NA,NA,NA,24.777,NA,NA,NA,"WG-WGM1","WG-WGM1NA",NA,NA,NA,NA,NA,NA,NA,NA,NA,2.531714,4.0625,82,46,"","PIEN",NA
456,1,NA,456,NA,NA,NA,NA,NA,24.621,NA,NA,NA,"WG-WGM1","WG-WGM1NA",NA,NA,NA,NA,NA,NA,NA,NA,NA,2.518922,14.3125,83,46,"","PIEN",NA
457,1,NA,457,NA,NA,NA,NA,NA,24.458,NA,NA,NA,"WG-WGM1","WG-WGM1NA",NA,NA,NA,NA,NA,NA,NA,NA,NA,2.505556,11.9375,84,45,"Evergreen forest","ABLA",NA
458,1,87,458,6757,NA,24.2,324388.576394366,4313018.73797638,24.432,3.49229410585692,0.231999999999999,3.49999173167638,"WG-WGM1","WG-WGM16757",6757,24.2,36.6,2.4844,NA,-107.026481960333,38.9485400957607,"PIEN","WG-WGM1",2.503424,2.9375,85,46,"","PIEN",4
459,1,NA,459,NA,NA,NA,NA,NA,24.1,NA,NA,NA,"WG-WGM1","WG-WGM1NA",NA,NA,NA,NA,NA,NA,NA,NA,NA,2.4762,2.375,86,46,"","PIEN",NA
461,1,NA,461,NA,NA,NA,NA,NA,24.073,NA,NA,NA,"WG-WGM1","WG-WGM1NA",NA,NA,NA,NA,NA,NA,NA,NA,NA,2.473986,5.375,87,45,"Evergreen forest","ABLA",NA
462,1,NA,462,NA,NA,NA,NA,NA,23.871,NA,NA,NA,"WG-WGM1","WG-WGM1NA",NA,NA,NA,NA,NA,NA,NA,NA,NA,2.457422,6.25,88,45,"Evergreen forest","ABLA",NA
464,1,NA,464,NA,NA,NA,NA,NA,23.821,NA,NA,NA,"WG-WGM1","WG-WGM1NA",NA,NA,NA,NA,NA,NA,NA,NA,NA,2.453322,7.1875,89,20,"Urban",NA,NA
465,1,NA,465,NA,NA,NA,NA,NA,23.617,NA,NA,NA,"WG-WGM1","WG-WGM1NA",NA,NA,NA,NA,NA,NA,NA,NA,NA,2.436594,8.75,90,45,"Evergreen forest","ABLA",NA
468,1,NA,468,NA,NA,NA,NA,NA,23.435,NA,NA,NA,"WG-WGM1","WG-WGM1NA",NA,NA,NA,NA,NA,NA,NA,NA,NA,2.42167,20.0625,91,45,"Evergreen forest","ABLA",NA
674,1,NA,674,NA,NA,NA,NA,NA,30.121,NA,NA,NA,"ER-APL1","ER-APL1NA",NA,NA,NA,NA,NA,NA,NA,NA,NA,2.969922,18.875,92,46,"","PIEN",NA
675,1,1,675,1154,NA,23.2,327416.564390491,4316121.35155135,25.565,2.2668817680438,2.365,3.27596977249323,"ER-APL1","ER-APL11154",1154,23.2,66.6,2.4024,NA,-106.992342839613,38.977083427519,"PIEN","ER-APL1",2.59633,19.625,93,46,"","PIEN",NA
676,1,2,676,1152,NA,25.4,327413.138556117,4316116.92271166,23.159,4.26787771724283,2.241,4.82046275883736,"ER-APL1","ER-APL11152",1152,25.4,54.6,2.5828,NA,-106.992381247813,38.977042866582,"PIEN","ER-APL1",2.399038,9.25,94,46,"","PIEN",NA
677,1,3,677,1488,NA,22.9,327402.139645244,4316136.60199471,21.966,3.51997558700332,0.933999999999997,3.64178309803033,"ER-APL1","ER-APL11488",1488,22.9,26.6,2.3778,NA,-106.992513118823,38.977217929263,"ABLA","ER-APL1",2.301212,19.1875,95,46,"","PIEN",3
678,1,137,678,1198,NA,23.6,327407.5109786,4316128.76257363,21.617,2.99697306523246,1.983,3.59362443136854,"ER-APL1","ER-APL11198",1198,23.6,31.5,2.4352,NA,-106.99244916648,38.977148386542,"ABLA","ER-APL1",2.272594,4.8125,96,46,"","PIEN",4
680,1,4,680,1199,NA,22.6,327408.522967638,4316128.16502606,20.925,3.35425260715258,1.675,3.74921799214048,"ER-APL1","ER-APL11199",1199,22.6,29.6,2.3532,NA,-106.992437339554,38.977143204505,"ABLA","ER-APL1",2.21585,23.0625,97,46,"","PIEN",3
682,1,5,682,1144,NA,21.6,327418.939023146,4316108.16577695,20.082,1.25962157686007,1.518,1.9725543127862,"ER-APL1","ER-APL11144",1144,21.6,42.3,2.2712,NA,-106.99231211291,38.9769651452785,"ABLA","ER-APL1",2.146724,20.4375,98,45,"Evergreen forest","ABLA",5
684,1,106,684,1140,NA,15.5,327411.292375716,4316103.5231697,18.971,4.60770751385826,3.471,5.76877885979918,"ER-APL1","ER-APL11140",1140,15.5,19.3,1.771,NA,-106.992399165566,38.976921827402,"ABLA","ER-APL1",2.055622,1.625,99,45,"Evergreen forest","ABLA",2
686,1,6,686,1091,NA,18.4,327438.990831983,4316106.1597536,18.379,3.41958881285956,0.0209999999999972,3.41965329368845,"ER-APL1","ER-APL11091",1091,18.4,29.6,2.0088,NA,-106.992080254646,38.9769510303225,"PIEN","ER-APL1",2.007078,22.5,100,46,"","PIEN",3
687,1,7,687,1086,NA,19,327440.035462133,4316110.47184642,18.116,3.37635667934701,0.884,3.49016338101401,"ER-APL1","ER-APL11086",1086,19,31.8,2.058,NA,-106.992069290495,38.9769900705725,"PIEN","ER-APL1",1.985512,24.8125,101,46,"","PIEN",4
930,1,119,930,3895,NA,18.2,319230.071745226,4299924.06235692,17.946,4.69103105580754,0.253999999999998,4.69790254970777,"CC-UC2","CC-UC23895",3895,18.2,19.5,1.9924,NA,-107.082525262287,38.829566819721,"ABLA","CC-UC2",1.971572,8.75,102,46,"","PIEN",2
931,1,120,931,3905,NA,17.7,319229.727940537,4299917.17110762,17.833,3.40965460748915,0.132999999999999,3.41224757929022,"CC-UC2","CC-UC23905",3905,17.7,20.6,1.9514,NA,-107.082527411636,38.829504688919,"ABLA","CC-UC2",1.962306,8.125,103,46,"","PIEN",3
932,1,1,932,3943,NA,17.2,319244.520597716,4299896.21840323,17.818,2.04953861713022,0.618000000000002,2.14068506397089,"CC-UC2","CC-UC23943",3943,17.2,17.9,1.9104,NA,-107.082351600936,38.829319033296,"PIEN","CC-UC2",1.961076,4.625,104,46,"","PIEN",2
933,1,121,933,3821,NA,19.2,319238.774601815,4299898.79600361,17.348,3.02508087548238,1.852,3.54697311847852,"CC-UC2","CC-UC23821",3821,19.2,25.2,2.0744,NA,-107.082418432252,38.829341066551,"ABLA","CC-UC2",1.922536,7.9375,105,46,"","PIEN",3
934,1,122,934,3846,NA,16,319234.212641444,4299907.37673673,17.014,3.25869807863994,1.014,3.41281543124319,"CC-UC2","CC-UC23846",3846,16,19.4,1.812,NA,-107.082473207347,38.829417405017,"PIEN","CC-UC2",1.895148,11.3125,106,47,"","PICO",2
935,1,2,935,3882,NA,18.2,319227.281475339,4299925.50301738,16.956,1.61830375269088,1.244,2.04118667347535,"CC-UC2","CC-UC23882",3882,18.2,21.7,1.9924,NA,-107.082557765479,38.829579220887,"PIEN","CC-UC2",1.890392,3.4375,107,46,"","PIEN",3
938,1,145,938,3927,NA,19.4,319234.383120737,4299901.82191727,16.184,2.89866374838501,3.216,4.32953895076617,"CC-UC2","CC-UC23927",3927,19.4,19.7,2.0908,NA,-107.082469786492,38.829367415233,"PIEN","CC-UC2",1.827088,8.4375,108,46,"","PIEN",2
939,1,123,939,3834,NA,18.4,319237.056291715,4299906.2584291,16.105,2.96288891223646,2.295,3.7477640942639,"CC-UC2","CC-UC23834",3834,18.4,24.5,2.0088,NA,-107.082440174278,38.829407917783,"ABLA","CC-UC2",1.82061,10.9375,109,46,"","PIEN",3
941,1,3,941,3912,NA,16.2,319231.621836418,4299915.40024457,15.976,0.859366160172034,0.223999999999998,0.888080062409255,"CC-UC2","CC-UC23912",3912,16.2,36,1.8284,NA,-107.082505141954,38.829489130005,"ABLA","CC-UC2",1.810032,9.0625,110,46,"","PIEN",4
943,1,4,943,3830,NA,17.8,319235.408795431,4299903.80342432,15.643,0.952394334423447,2.157,2.35790245095973,"CC-UC2","CC-UC23830",3830,17.8,20.3,1.9596,NA,-107.082458497823,38.829385470594,"PIEN","CC-UC2",1.782726,9.0625,111,46,"","PIEN",3
944,1,5,944,3899,NA,15.4,319229.348647471,4299921.67542211,15.488,3.72254622748444,0.0879999999999992,3.72358623047172,"CC-UC2","CC-UC23899",3899,15.4,18.6,1.7628,NA,-107.082532960904,38.829545175339,"ABLA","CC-UC2",1.770016,5.8125,112,46,"","PIEN",2
946,1,6,946,3835,NA,18.1,319234.769871444,4299906.08156815,14.86,2.98488450313506,3.24,4.40535305021696,"CC-UC2","CC-UC23835",3835,18.1,20.4,1.9842,NA,-107.082466451874,38.829405855587,"ABLA","CC-UC2",1.71852,3.125,113,45,"Evergreen forest","ABLA",3
1238,1,1,1238,6029,NA,19.4,327789.644187174,4310929.72240624,20.977,4.36521249562486,1.577,4.64133699831842,"SG-NES2","SG-NES26029",6029,19.4,37.4,2.0908,"C",-106.986731998698,38.930401082185,"PIEN","SG-NES2",2.220114,7.625,114,46,"","PIEN",4
1239,1,123,1239,6044,NA,17.1,327796.996877294,4310930.45431355,20.878,3.22284827506572,3.778,4.96588713163057,"SG-NES2","SG-NES26044",6044,17.1,45.1,1.9022,"C",-106.986647404671,38.930409117153,"PIEN","SG-NES2",2.211996,20.625,115,45,"Evergreen forest","ABLA",5
1240,1,2,1240,6034,NA,22.4,327771.750289522,4310922.34521679,20.458,3.50158435196617,1.942,4.00405506629646,"SG-NES2","SG-NES26034",6034,22.4,36.6,2.3368,"C",-106.986936464536,38.930331130013,"PIEN","SG-NES2",2.177556,18.9375,116,46,"","PIEN",4
1242,1,3,1242,6009,NA,19.8,327786.943094457,4310941.25491677,20.305,2.4123683415025,0.504999999999999,2.46465941157871,"SG-NES2","SG-NES26009",6009,19.8,33.8,2.1236,"C",-106.986766041375,38.930504414113,"PIEN","SG-NES2",2.16501,11.0625,117,45,"Evergreen forest","ABLA",4
1245,1,4,1245,6037,NA,18.2,327764.995163878,4310920.05254722,20.012,3.72063632559953,1.812,4.13841499458075,"SG-NES2","SG-NES26037",6037,18.2,31.9,1.9924,"C",-106.987013776077,38.930309155887,"PIEN","SG-NES2",2.140984,23.3125,118,46,"","PIEN",4
1246,1,5,1246,6027,NA,15.9,327786.433346622,4310938.79736089,19.834,1.30380718254421,3.934,4.14442627745432,"SG-NES2","SG-NES26027",6027,15.9,27.7,1.8038,"C",-106.986771301199,38.930482181209,"ABLA","SG-NES2",2.126388,10.9375,119,45,"Evergreen forest","ABLA",3
1248,1,6,1248,5860,NA,19.2,327796.222890634,4310924.81010575,19.536,0.0659364774758908,0.336000000000002,0.342408555766251,"SG-NES2","SG-NES25860",5860,19.2,54.5,2.0744,"C",-106.986654910375,38.930358133283,"PICO","SG-NES2",2.101952,7.1875,120,45,"Evergreen forest","ABLA",NA
1250,1,124,1250,6031,NA,20.6,327783.595222929,4310918.9654001,19.365,4.99947140321251,1.235,5.14975138346888,"SG-NES2","SG-NES26031",6031,20.6,28.3,2.1892,"C",-106.986799040776,38.930303016717,"ABLA","SG-NES2",2.08793,16.6875,121,46,"","PIEN",3
1251,1,7,1251,5704,NA,18.6,327775.122316009,4310945.70244962,18.768,1.36319367991091,0.167999999999999,1.37350682886874,"SG-NES2","SG-NES25704",5704,18.6,43.6,2.0252,"C",-106.98690345538,38.930542148067,"PIEN","SG-NES2",2.038976,7.125,122,47,"","PICO",5
1253,1,8,1253,5755,NA,20.1,327797.910882887,4310939.66080978,18.661,3.07610760134535,1.439,3.39605049654074,"SG-NES2","SG-NES25755",5755,20.1,30.6,2.1482,"C",-106.986639179789,38.930492210603,"PIEN","SG-NES2",2.030202,15.5,123,45,"Evergreen forest","ABLA",4
1254,1,9,1254,5714,NA,21.6,327774.165496198,4310937.45390416,18.574,2.85653578047319,3.026,4.1613066055175,"SG-NES2","SG-NES25714",5714,21.6,45.6,2.2712,"C",-106.986912414399,38.930467673538,"PIEN","SG-NES2",2.023068,13.25,124,45,"Evergreen forest","ABLA",5
1258,1,10,1258,5841,NA,16,327784.71875997,4310918.46574076,18.235,2.65889120155001,2.235,3.47346043905498,"SG-NES2","SG-NES25841",5841,16,35.2,1.812,"C",-106.986785960607,38.930298737337,"PICO","SG-NES2",1.99527,16.1875,125,46,"","PIEN",4
1259,1,11,1259,5772,NA,18.1,327775.881131264,4310920.53731674,18.138,3.88570469719457,0.0380000000000003,3.88589050203424,"SG-NES2","SG-NES25772",5772,18.1,26.7,1.9842,"C",-106.986888380749,38.930315659007,"ABLA","SG-NES2",1.987316,12.5625,126,46,"","PIEN",3
1260,1,12,1260,5765,NA,19.2,327782.244241409,4310931.88002593,18.01,1.06084720376015,1.19,1.59420726059246,"SG-NES2","SG-NES25765",5765,19.2,45.9,2.0744,"C",-106.986817863833,38.930419061058,"PICO","SG-NES2",1.97682,11.4375,127,47,"","PICO",5
1262,1,13,1262,6011,NA,19.3,327786.300575188,4310943.70917341,17.529,3.41762425697152,1.771,3.84923324336681,"SG-NES2","SG-NES26011",6011,19.3,32.8,2.0826,"C",-106.986774066609,38.930526391096,"PIEN","SG-NES2",1.937378,5.0625,128,46,"","PIEN",4
1450,1,1,1450,4075,NA,39.8,325229.292158421,4316925.84667168,36.057,4.84716517650771,3.74299999999999,6.12413742892409,"ER-BME2","ER-BME24075",4075,39.8,67.4,3.7636,NA,-107.017784422165,38.983894783547,"PIEN","ER-BME2",3.456674,19.5,129,46,"","PIEN",NA
1451,1,NA,1451,NA,NA,NA,NA,NA,35.884,NA,NA,NA,"ER-BME2","ER-BME2NA",NA,NA,NA,NA,NA,NA,NA,NA,NA,3.442488,6.1875,130,46,"","PIEN",NA
1452,1,NA,1452,NA,NA,NA,NA,NA,35.808,NA,NA,NA,"ER-BME2","ER-BME2NA",NA,NA,NA,NA,NA,NA,NA,NA,NA,3.436256,13.0625,131,46,"","PIEN",NA
1453,1,2,1453,4174,NA,35.5,325217.925992976,4316943.48208797,35.629,3.31287555142485,0.128999999999998,3.31538616442014,"ER-BME2","ER-BME24174",4174,35.5,78.8,3.411,NA,-107.017920082865,38.984051335389,"PIEN","ER-BME2",3.421578,8.5,132,46,"","PIEN",NA
1454,1,NA,1454,NA,NA,NA,NA,NA,34.69,NA,NA,NA,"ER-BME2","ER-BME2NA",NA,NA,NA,NA,NA,NA,NA,NA,NA,3.34458,17.3125,133,45,"Evergreen forest","ABLA",NA
1455,1,3,1455,4178,NA,31.6,325224.525157436,4316948.64473263,34.038,2.50202739577146,2.438,3.49342025659538,"ER-BME2","ER-BME24178",4178,31.6,58,3.0912,NA,-107.017845257625,38.984099146339,"PIEN","ER-BME2",3.291116,18,134,46,"","PIEN",NA
1456,1,4,1456,4094,NA,33.3,325232.523858065,4316940.42176223,33.172,3.73009865625388,0.128,3.73229419866481,"ER-BME2","ER-BME24094",4094,33.3,68.8,3.2306,NA,-107.017750860179,38.984026688684,"PIEN","ER-BME2",3.220104,4.3125,135,46,"","PIEN",NA
1457,1,5,1457,4103,NA,34.2,325220.746341765,4316942.8435204,32.729,1.55763081394865,1.471,2.14244130667852,"ER-BME2","ER-BME24103",4103,34.2,48.9,3.3044,NA,-107.017887376457,38.984046147586,"PIEN","ER-BME2",3.183778,4.9375,136,46,"","PIEN",5
1458,1,90,1458,4098,NA,30.1,325224.257112888,4316939.68123298,32.485,4.67483061498416,2.385,5.2480726251447,"ER-BME2","ER-BME24098",4098,30.1,42.5,2.9682,NA,-107.017846058041,38.984018369525,"PIEN","ER-BME2",3.16377,20.4375,137,46,"","PIEN",5
1459,1,6,1459,4105,NA,30.3,325224.535188406,4316937.97918552,31.717,2.88851104033206,1.417,3.21735683910259,"ER-BME2","ER-BME24105",4105,30.3,16.5,2.9846,NA,-107.017842414113,38.984003096767,"ABLA","ER-BME2",3.100794,7.0625,138,46,"","PIEN",2
1460,1,NA,1460,NA,NA,NA,NA,NA,31.672,NA,NA,NA,"ER-BME2","ER-BME2NA",NA,NA,NA,NA,NA,NA,NA,NA,NA,3.097104,13,139,46,"","PIEN",NA
1461,1,NA,1461,NA,NA,NA,NA,NA,31.159,NA,NA,NA,"ER-BME2","ER-BME2NA",NA,NA,NA,NA,NA,NA,NA,NA,NA,3.055038,33.9375,140,46,"","PIEN",NA
1462,1,7,1462,4104,NA,34.7,325229.272688416,4316929.97575597,31.034,3.77431222280676,3.666,5.26165266387174,"ER-BME2","ER-BME24104",4104,34.7,57.2,3.3454,NA,-107.017785702821,38.983931965289,"PIEN","ER-BME2",3.044788,2.75,141,46,"","PIEN",NA
1463,1,NA,1463,NA,NA,NA,NA,NA,30.155,NA,NA,NA,"ER-BME2","ER-BME2NA",NA,NA,NA,NA,NA,NA,NA,NA,NA,2.97271,8.1875,142,46,"","PIEN",NA
1464,1,NA,1464,NA,NA,NA,NA,NA,29.833,NA,NA,NA,"ER-BME2","ER-BME2NA",NA,NA,NA,NA,NA,NA,NA,NA,NA,2.946306,12.375,143,46,"","PIEN",NA
1465,1,8,1465,4089,NA,27,325236.935269274,4316931.31157296,28.694,3.99725525023542,1.694,4.34139211953201,"ER-BME2","ER-BME24089",4089,27,43,2.714,NA,-107.017697628547,38.983945524837,"PIEN","ER-BME2",2.852908,8.75,144,20,"Urban",NA,5
1466,1,NA,1466,NA,NA,NA,NA,NA,28.675,NA,NA,NA,"ER-BME2","ER-BME2NA",NA,NA,NA,NA,NA,NA,NA,NA,NA,2.85135,9.25,145,46,"","PIEN",NA
1467,1,91,1467,4238,NA,26.4,325219.815692789,4316920.51863795,28.318,4.00880249341106,1.918,4.44400961195841,"ER-BME2","ER-BME24238",4238,26.4,29.6,2.6648,NA,-107.017892405086,38.983844908827,"ABLA","ER-BME2",2.822076,27.6875,146,46,"","PIEN",3
1468,1,9,1468,4200,NA,28.6,325224.410624756,4316921.3014224,27.93,2.12167515125717,0.670000000000002,2.22495066180402,"ER-BME2","ER-BME24200",4200,28.6,63,2.8452,NA,-107.017839586012,38.983852875628,"PIEN","ER-BME2",2.79026,8,147,46,"","PIEN",NA
1470,1,NA,1470,NA,NA,NA,NA,NA,27.305,NA,NA,NA,"ER-BME2","ER-BME2NA",NA,NA,NA,NA,NA,NA,NA,NA,NA,2.73901,20.0625,148,46,"","PIEN",NA
1471,1,NA,1471,NA,NA,NA,NA,NA,27.276,NA,NA,NA,"ER-BME2","ER-BME2NA",NA,NA,NA,NA,NA,NA,NA,NA,NA,2.736632,16.375,149,46,"","PIEN",NA
1475,1,NA,1475,NA,NA,NA,NA,NA,26.058,NA,NA,NA,"ER-BME2","ER-BME2NA",NA,NA,NA,NA,NA,NA,NA,NA,NA,2.636756,12,150,20,"Urban",NA,NA
1476,1,NA,1476,NA,NA,NA,NA,NA,25.646,NA,NA,NA,"ER-BME2","ER-BME2NA",NA,NA,NA,NA,NA,NA,NA,NA,NA,2.602972,14.9375,151,51,"Riparian shrubland",NA,NA
1478,1,NA,1478,NA,NA,NA,NA,NA,25.093,NA,NA,NA,"ER-BME2","ER-BME2NA",NA,NA,NA,NA,NA,NA,NA,NA,NA,2.557626,3.3125,152,46,"","PIEN",NA
1479,1,NA,1479,NA,NA,NA,NA,NA,24.971,NA,NA,NA,"ER-BME2","ER-BME2NA",NA,NA,NA,NA,NA,NA,NA,NA,NA,2.547622,16.1875,153,45,"Evergreen forest","ABLA",NA
1480,1,NA,1480,NA,NA,NA,NA,NA,24.815,NA,NA,NA,"ER-BME2","ER-BME2NA",NA,NA,NA,NA,NA,NA,NA,NA,NA,2.53483,2.625,154,45,"Evergreen forest","ABLA",NA
1481,1,NA,1481,NA,NA,NA,NA,NA,24.695,NA,NA,NA,"ER-BME2","ER-BME2NA",NA,NA,NA,NA,NA,NA,NA,NA,NA,2.52499,14.375,155,45,"Evergreen forest","ABLA",NA
1482,1,NA,1482,NA,NA,NA,NA,NA,24.483,NA,NA,NA,"ER-BME2","ER-BME2NA",NA,NA,NA,NA,NA,NA,NA,NA,NA,2.507606,3.625,156,20,"Urban",NA,NA
1484,1,NA,1484,NA,NA,NA,NA,NA,24.295,NA,NA,NA,"ER-BME2","ER-BME2NA",NA,NA,NA,NA,NA,NA,NA,NA,NA,2.49219,4.875,157,47,"","PICO",NA
1485,1,NA,1485,NA,NA,NA,NA,NA,24.251,NA,NA,NA,"ER-BME2","ER-BME2NA",NA,NA,NA,NA,NA,NA,NA,NA,NA,2.488582,7.8125,158,45,"Evergreen forest","ABLA",NA
1486,1,NA,1486,NA,NA,NA,NA,NA,24.114,NA,NA,NA,"ER-BME2","ER-BME2NA",NA,NA,NA,NA,NA,NA,NA,NA,NA,2.477348,12.6875,159,46,"","PIEN",NA
1488,1,NA,1488,NA,NA,NA,NA,NA,23.811,NA,NA,NA,"ER-BME2","ER-BME2NA",NA,NA,NA,NA,NA,NA,NA,NA,NA,2.452502,3,160,45,"Evergreen forest","ABLA",NA
1489,1,NA,1489,NA,NA,NA,NA,NA,23.705,NA,NA,NA,"ER-BME2","ER-BME2NA",NA,NA,NA,NA,NA,NA,NA,NA,NA,2.44381,16.9375,161,46,"","PIEN",NA
1490,1,NA,1490,NA,NA,NA,NA,NA,23.702,NA,NA,NA,"ER-BME2","ER-BME2NA",NA,NA,NA,NA,NA,NA,NA,NA,NA,2.443564,5.25,162,46,"","PIEN",NA
1685,1,NA,1685,NA,NA,NA,NA,NA,36.816,NA,NA,NA,"ER-BME1","ER-BME1NA",NA,NA,NA,NA,NA,NA,NA,NA,NA,3.518912,21.25,163,46,"","PIEN",NA
1686,1,1,1686,1298,NA,34.9,324111.083511855,4316072.38196757,35.977,0.403938326159598,1.077,1.15025874104073,"ER-BME1","ER-BME11298",1298,34.9,66.8,3.3618,NA,-107.030467347167,38.975984807946,"PIEN","ER-BME1",3.450114,13,164,46,"","PIEN",NA
1687,1,NA,1687,NA,NA,NA,NA,NA,33.093,NA,NA,NA,"ER-BME1","ER-BME1NA",NA,NA,NA,NA,NA,NA,NA,NA,NA,3.213626,6.9375,165,47,"","PICO",NA
1688,1,2,1688,1281,NA,30.8,324100.295588913,4316062.43334239,31.568,1.55642523690035,0.768000000000001,1.73559313148569,"ER-BME1","ER-BME11281",1281,30.8,65.6,3.0256,NA,-107.030589250667,38.975893046822,"PIEN","ER-BME1",3.088576,20.5,166,46,"","PIEN",NA
1689,1,3,1689,1310,NA,30.2,324100.38970853,4316086.08513687,31.344,0.922642931690949,1.144,1.46969587990144,"ER-BME1","ER-BME11310",1310,30.2,103.5,2.9764,"C",-107.030594250303,38.976106067206,"PIEN","ER-BME1",3.070208,14.8125,167,46,"","PIEN",NA
1690,1,NA,1690,NA,NA,NA,NA,NA,31.084,NA,NA,NA,"ER-BME1","ER-BME1NA",NA,NA,NA,NA,NA,NA,NA,NA,NA,3.048888,24.8125,168,46,"","PIEN",NA
1691,1,NA,1691,NA,NA,NA,NA,NA,30.937,NA,NA,NA,"ER-BME1","ER-BME1NA",NA,NA,NA,NA,NA,NA,NA,NA,NA,3.036834,9.3125,169,46,"","PIEN",NA
1692,1,4,1692,1296,NA,26.8,324111.744051353,4316069.15688689,30.43,2.09179662828119,3.63,4.18957195117694,"ER-BME1","ER-BME11296",1296,26.8,37.6,2.6976,NA,-107.030458896594,38.975955896418,"ABLA","ER-BME1",2.99526,7.625,170,46,"","PIEN",4
1693,1,NA,1693,NA,NA,NA,NA,NA,29.442,NA,NA,NA,"ER-BME1","ER-BME1NA",NA,NA,NA,NA,NA,NA,NA,NA,NA,2.914244,4.125,171,45,"Evergreen forest","ABLA",NA
1694,1,NA,1694,NA,NA,NA,NA,NA,29.122,NA,NA,NA,"ER-BME1","ER-BME1NA",NA,NA,NA,NA,NA,NA,NA,NA,NA,2.888004,46.25,172,46,"","PIEN",NA
1695,1,NA,1695,NA,NA,NA,NA,NA,28.694,NA,NA,NA,"ER-BME1","ER-BME1NA",NA,NA,NA,NA,NA,NA,NA,NA,NA,2.852908,23.6875,173,46,"","PIEN",NA
1697,1,NA,1697,NA,NA,NA,NA,NA,27.938,NA,NA,NA,"ER-BME1","ER-BME1NA",NA,NA,NA,NA,NA,NA,NA,NA,NA,2.790916,2.375,174,46,"","PIEN",NA
1698,1,NA,1698,NA,NA,NA,NA,NA,25.114,NA,NA,NA,"ER-BME1","ER-BME1NA",NA,NA,NA,NA,NA,NA,NA,NA,NA,2.559348,8.5625,175,47,"","PICO",NA
1699,1,NA,1699,NA,NA,NA,NA,NA,24.611,NA,NA,NA,"ER-BME1","ER-BME1NA",NA,NA,NA,NA,NA,NA,NA,NA,NA,2.518102,7.125,176,46,"","PIEN",NA
1700,1,5,1700,1399,NA,23.8,324134.1916339,4316057.99375907,24.374,0.504439278976505,0.573999999999998,0.764156388558215,"ER-BME1","ER-BME11399",1399,23.8,39.4,2.4516,"C",-107.030197041047,38.97585987214,"PIEN","ER-BME1",2.498668,15.6875,177,46,"","PIEN",4
1701,1,NA,1701,NA,NA,NA,NA,NA,24.046,NA,NA,NA,"ER-BME1","ER-BME1NA",NA,NA,NA,NA,NA,NA,NA,NA,NA,2.471772,5.8125,178,45,"Evergreen forest","ABLA",NA
1702,1,94,1702,1316,NA,25.4,324101.734288186,4316091.59835119,23.993,2.02140829062483,1.407,2.46287240380146,"ER-BME1","ER-BME11316",1316,25.4,52.3,2.5828,"C",-107.030580156019,38.976155987724,"PIEN","ER-BME1",2.467426,5.8125,179,46,"","PIEN",NA
1703,1,6,1703,1312,NA,23.8,324107.068661237,4316091.33182017,23.93,1.32119718384609,0.129999999999999,1.32757749250386,"ER-BME1","ER-BME11312",1312,23.8,36.8,2.4516,"C",-107.030518543164,38.976154658753,"ABLA","ER-BME1",2.46226,6.5625,180,46,"","PIEN",4
1704,1,NA,1704,NA,NA,NA,NA,NA,23.698,NA,NA,NA,"ER-BME1","ER-BME1NA",NA,NA,NA,NA,NA,NA,NA,NA,NA,2.443236,6.125,181,46,"","PIEN",NA
1705,1,NA,1705,NA,NA,NA,NA,NA,23.648,NA,NA,NA,"ER-BME1","ER-BME1NA",NA,NA,NA,NA,NA,NA,NA,NA,NA,2.439136,5.375,182,20,"Urban",NA,NA
1706,1,7,1706,1378,NA,24.2,324116.054390927,4316094.17396537,23.311,2.08535069223671,0.888999999999999,2.26693813537382,"ER-BME1","ER-BME11378",1378,24.2,41.7,2.4844,"C",-107.030415603286,38.976182058907,"PIEN","ER-BME1",2.411502,7.625,183,46,"","PIEN",5
1707,1,8,1707,1390,NA,24,324128.087838882,4316087.54202599,22.976,3.79549170920029,1.024,3.93119998405171,"ER-BME1","ER-BME11390",1390,24,56.4,2.468,"C",-107.03027506356,38.976124750003,"PIEN","ER-BME1",2.384032,18.75,184,46,"","PIEN",NA
1708,1,9,1708,1293,NA,23.9,324110.385496778,4316063.7852433,22.912,1.71277486417089,0.988,1.9773066872227,"ER-BME1","ER-BME11293",1293,23.9,38.1,2.4598,"C",-107.030473188586,38.975907248052,"PIEN","ER-BME1",2.378784,12.125,185,46,"","PIEN",4
1892,1,1,1892,7428,NA,12.8,328450.274615559,4316327.72787698,14.299,2.24840199773624,1.499,2.70227913869465,"ER-APU1","ER-APU17428",7428,12.8,41,1.5496,NA,-106.980467908599,38.979145148039,"PIEN","ER-APU1",1.672518,16.375,186,46,"","PIEN",5
1893,1,2,1893,7132,NA,13.7,328482.994575262,4316317.7284236,13.406,1.24476227602064,0.293999999999999,1.27901099440313,"ER-APU1","ER-APU17132",7132,13.7,35.1,1.6234,NA,-106.980087871851,38.979061502135,"PIEN","ER-APU1",1.599292,12.6875,187,46,"","PIEN",4
1896,1,3,1896,7444,NA,12.6,328445.874970774,4316329.8456737,12.233,2.1716895419672,0.366999999999999,2.20248143390352,"ER-APU1","ER-APU17444",7444,12.6,25.3,1.5332,NA,-106.980519203855,38.979163359014,"PIEN","ER-APU1",1.503106,6.125,188,46,"","PIEN",3
1898,1,100,1898,7064,NA,12.9,328474.435858369,4316323.66830518,11.937,1.59257710362075,0.963000000000001,1.86109398767958,"ER-APU1","ER-APU17064",7064,12.9,37.5,1.5578,NA,-106.980188113999,38.979113320336,"PIEN","ER-APU1",1.478834,10.875,189,46,"","PIEN",4
1899,1,4,1899,7464,NA,12.3,328446.868685078,4316336.20735526,11.679,1.58324211452348,0.621,1.70067533444829,"ER-APU1","ER-APU17464",7464,12.3,25.4,1.5086,NA,-106.980509334899,38.979220846945,"PIEN","ER-APU1",1.457678,14.375,190,46,"","PIEN",3
1900,1,5,1900,7074,NA,11.9,328479.854114876,4316321.66411602,11.458,0.732425326306379,0.442,0.855459442998326,"ER-APU1","ER-APU17074",7074,11.9,29.6,1.4758,NA,-106.980125094485,38.97909633187,"PIEN","ER-APU1",1.439556,14.625,191,46,"","PIEN",3
1901,1,6,1901,7002,NA,12.3,328467.269267258,4316349.39751668,11.448,2.76830309880057,0.852,2.89644714207403,"ER-APU1","ER-APU17002",7002,12.3,28.5,1.5086,NA,-106.980277259918,38.979343633728,"PIEN","ER-APU1",1.438736,18.75,192,46,"","PIEN",3
1902,1,7,1902,7474,NA,10.3,328443.512025775,4316337.70702327,11.26,0.916203952661939,0.959999999999999,1.32703793573257,"ER-APU1","ER-APU17474",7474,10.3,21,1.3446,NA,-106.980548440948,38.979233695364,"ABLA","ER-APU1",1.42332,14.375,193,46,"","PIEN",3
2153,1,1,2152,309,NA,22.824,326230.75,4316166.25,29.985,0.913950034354564,0.0150000000000006,0.914073118134818,"ER-GT1","ER-GT1309",309,30,32.6,2.96,NA,-107.005895238099,38.977128094918,"PIEN","ER-GT1",2.95877,9.1875,194,46,"","PIEN",4
2153,1,1,2153,309,NA,30,326242.618488411,4316152.08637369,29.985,0.913950034354564,0.0150000000000006,0.914073118134818,"ER-GT1","ER-GT1309",309,30,32.6,2.96,NA,-107.005895238099,38.977128094918,"PIEN","ER-GT1",2.95877,9.1875,195,46,"","PIEN",4
2161,1,4,2160,314,NA,19.64,326243.25,4316166.25,26.6,2.60009925616427,2.4,3.53843413700269,"ER-GT1","ER-GT1314",314,29,54.9,2.878,NA,-107.005841306,38.977158893,"ABLA","ER-GT1",2.6812,4.125,196,46,"","PIEN",NA
2161,1,4,2161,314,NA,29,326247.365970966,4316155.40156968,26.6,2.60009925616427,2.4,3.53843413700269,"ER-GT1","ER-GT1314",314,29,54.9,2.878,NA,-107.005841306,38.977158893,"ABLA","ER-GT1",2.6812,4.125,197,46,"","PIEN",NA
2169,1,5,2168,318,NA,17.264,326253.25,4316166.25,25.772,4.21542918130523,0.528000000000002,4.24836759033393,"ER-GT1","ER-GT1318",318,26.3,57.6,2.6566,NA,-107.005938515206,38.97718929397,"PIEN","ER-GT1",2.613304,2.0625,198,46,"","PIEN",NA
2169,1,5,2169,318,NA,26.3,326239.01899468,4316158.96114514,25.772,4.21542918130523,0.528000000000002,4.24836759033393,"ER-GT1","ER-GT1318",318,26.3,57.6,2.6566,NA,-107.005938515206,38.97718929397,"PIEN","ER-GT1",2.613304,2.0625,199,46,"","PIEN",NA
2179,1,2,2178,378,NA,15.298,326262.25,4316160.25,29.388,1.25124033828744,3.012,3.26155582263398,"ER-GT1","ER-GT1378",378,32.4,64.7,3.1568,NA,-107.005913558248,38.977139318012,"PIEN","ER-GT1",2.909816,13.5,200,46,"","PIEN",NA
2179,1,2,2179,378,NA,32.4,326241.058840059,4316153.36693293,29.388,1.25124033828744,3.012,3.26155582263398,"ER-GT1","ER-GT1378",378,32.4,64.7,3.1568,NA,-107.005913558248,38.977139318012,"PIEN","ER-GT1",2.909816,13.5,201,46,"","PIEN",NA
2185,1,105,2184,311,NA,13.925,326235.75,4316166.25,25.84,3.84999874775961,0.640000000000001,3.90283106958917,"ER-GT1","ER-GT1311",311,25.2,41.6,2.5664,NA,-107.005798338375,38.977138581827,"PIEN","ER-GT1",2.61888,11.375,202,46,"","PIEN",5
2185,1,105,2185,311,NA,25.2,326251.038630634,4316153.06533345,25.84,3.84999874775961,0.640000000000001,3.90283106958917,"ER-GT1","ER-GT1311",311,25.2,41.6,2.5664,NA,-107.005798338375,38.977138581827,"PIEN","ER-GT1",2.61888,11.375,203,46,"","PIEN",5
2197,1,6,2196,358,NA,11.325,326259.25,4316162.25,25.583,0.811957540882149,0.982999999999997,1.27497609710746,"ER-GT1","ER-GT1358",358,24.6,36.2,2.5172,NA,-107.006073085284,38.9772699919055,"PIEN","ER-GT1",2.597806,6.125,204,46,"","PIEN",4
2197,1,6,2197,358,NA,24.6,326227.558416068,4316168.17424706,25.583,0.811957540882149,0.982999999999997,1.27497609710746,"ER-GT1","ER-GT1358",358,24.6,36.2,2.5172,NA,-107.006073085284,38.9772699919055,"PIEN","ER-GT1",2.597806,6.125,205,46,"","PIEN",4
2227,1,8,2226,373,NA,3.052,326234.75,4316161.75,23.88,1.62494195230913,0.48,1.69435425704727,"ER-GT1","ER-GT1373",373,23.4,38.5,2.4188,NA,-107.005990632,38.977173975,"PIEN","ER-GT1",2.45816,6.875,206,46,"","PIEN",4
2227,1,8,2227,373,NA,23.4,326234.466620565,4316157.36043841,23.88,1.62494195230913,0.48,1.69435425704727,"ER-GT1","ER-GT1373",373,23.4,38.5,2.4188,NA,-107.005990632,38.977173975,"PIEN","ER-GT1",2.45816,6.875,207,46,"","PIEN",4
2245,1,106,2244,374,NA,2.145,326237.25,4316161.75,24.456,4.71076218963837,2.844,5.50269174198651,"ER-GT1","ER-GT1374",374,27.3,37.2,2.7386,NA,-107.005952091306,38.9771580807135,"PIEN","ER-GT1",2.505392,5.0625,208,46,"","PIEN",4
2245,1,106,2245,374,NA,27.3,326237.766567053,4316155.52285316,24.456,4.71076218963837,2.844,5.50269174198651,"ER-GT1","ER-GT1374",374,27.3,37.2,2.7386,NA,-107.005952091306,38.9771580807135,"PIEN","ER-GT1",2.505392,5.0625,209,46,"","PIEN",4
2254,1,NA,2254,NA,NA,NA,NA,NA,30.525,NA,NA,NA,"ER-GT1","ER-GT1NA",NA,NA,NA,NA,NA,NA,NA,NA,NA,3.00305,12,210,46,"","PIEN",NA
2255,1,NA,2255,NA,NA,NA,NA,NA,29.474,NA,NA,NA,"ER-GT1","ER-GT1NA",NA,NA,NA,NA,NA,NA,NA,NA,NA,2.916868,22.625,211,46,"","PIEN",NA
2256,1,NA,2256,NA,NA,NA,NA,NA,28.807,NA,NA,NA,"ER-GT1","ER-GT1NA",NA,NA,NA,NA,NA,NA,NA,NA,NA,2.862174,11.5,212,46,"","PIEN",NA
2257,1,3,2257,17,NA,27.2,326242.757508498,4316180.35926565,28.643,0.890765995479093,1.443,1.69579275228486,"ER-GT1","ER-GT117",17,27.2,39.8,2.7304,NA,-107.005900820538,38.977382744121,"ABLA","ER-GT1",2.848726,5.8125,213,47,"","PICO",4
2258,1,NA,2258,NA,NA,NA,NA,NA,28.623,NA,NA,NA,"ER-GT1","ER-GT1NA",NA,NA,NA,NA,NA,NA,NA,NA,NA,2.847086,5.3125,214,45,"Evergreen forest","ABLA",NA
2259,1,NA,2259,NA,NA,NA,NA,NA,28.26,NA,NA,NA,"ER-GT1","ER-GT1NA",NA,NA,NA,NA,NA,NA,NA,NA,NA,2.81732,22.125,215,46,"","PIEN",NA
2260,1,NA,2260,NA,NA,NA,NA,NA,27.292,NA,NA,NA,"ER-GT1","ER-GT1NA",NA,NA,NA,NA,NA,NA,NA,NA,NA,2.737944,2.8125,216,46,"","PIEN",NA
2261,1,NA,2261,NA,NA,NA,NA,NA,27.185,NA,NA,NA,"ER-GT1","ER-GT1NA",NA,NA,NA,NA,NA,NA,NA,NA,NA,2.72917,13.1875,217,46,"","PIEN",NA
2262,1,NA,2262,NA,NA,NA,NA,NA,26.376,NA,NA,NA,"ER-GT1","ER-GT1NA",NA,NA,NA,NA,NA,NA,NA,NA,NA,2.662832,13.6875,218,46,"","PIEN",NA
2263,1,NA,2263,NA,NA,NA,NA,NA,26.224,NA,NA,NA,"ER-GT1","ER-GT1NA",NA,NA,NA,NA,NA,NA,NA,NA,NA,2.650368,4.125,219,46,"","PIEN",NA
2264,1,NA,2264,NA,NA,NA,NA,NA,26.009,NA,NA,NA,"ER-GT1","ER-GT1NA",NA,NA,NA,NA,NA,NA,NA,NA,NA,2.632738,6.6875,220,46,"","PIEN",NA
2265,1,NA,2265,NA,NA,NA,NA,NA,25.74,NA,NA,NA,"ER-GT1","ER-GT1NA",NA,NA,NA,NA,NA,NA,NA,NA,NA,2.61068,9.375,221,46,"","PIEN",NA
2266,1,NA,2266,NA,NA,NA,NA,NA,25.655,NA,NA,NA,"ER-GT1","ER-GT1NA",NA,NA,NA,NA,NA,NA,NA,NA,NA,2.60371,6.625,222,46,"","PIEN",NA
2267,1,NA,2267,NA,NA,NA,NA,NA,24.668,NA,NA,NA,"ER-GT1","ER-GT1NA",NA,NA,NA,NA,NA,NA,NA,NA,NA,2.522776,10.9375,223,46,"","PIEN",NA
2268,1,NA,2268,NA,NA,NA,NA,NA,24.663,NA,NA,NA,"ER-GT1","ER-GT1NA",NA,NA,NA,NA,NA,NA,NA,NA,NA,2.522366,11.6875,224,46,"","PIEN",NA
2269,1,7,2269,15,NA,27.8,326242.043234038,4316188.50580614,24.232,3.29463060932791,3.568,4.85646114489969,"ER-GT1","ER-GT115",15,27.8,63.5,2.7796,NA,-107.005911132319,38.9774559689815,"PIEN","ER-GT1",2.487024,16.5625,225,46,"","PIEN",NA
2270,1,NA,2270,NA,NA,NA,NA,NA,23.92,NA,NA,NA,"ER-GT1","ER-GT1NA",NA,NA,NA,NA,NA,NA,NA,NA,NA,2.46144,11,226,46,"","PIEN",NA
2516,1,1,2516,8084,NA,23.4,328098.556381918,4310979.32000356,26.48,0.897780651570826,3.08,3.20817862631353,"SG-NES3","SG-NES38084",8084,23.4,32.2,2.4188,"D",-106.983182618071,38.9309083494491,"PIEN","SG-NES3",2.67136,19.375,227,46,"","PIEN",4
2517,1,NA,2517,NA,NA,NA,NA,NA,26.385,NA,NA,NA,"SG-NES3","SG-NES3NA",NA,NA,NA,NA,NA,NA,NA,NA,NA,2.66357,26.3125,228,46,"","PIEN",NA
2518,1,2,2518,8146,NA,27.3,328105.035619198,4310968.73292339,25.822,1.49833938589404,1.478,2.10463890378405,"SG-NES3","SG-NES38146",8146,27.3,49.5,2.7386,"D",-106.983105254426,38.9308142713013,"ABLA","SG-NES3",2.617404,14.5,229,46,"","PIEN",5
2519,1,NA,2519,NA,NA,NA,NA,NA,24.278,NA,NA,NA,"SG-NES3","SG-NES3NA",NA,NA,NA,NA,NA,NA,NA,NA,NA,2.490796,22.4375,230,46,"","PIEN",NA
2520,1,3,2520,8103,NA,26,328099.744875745,4310974.32452571,23.735,3.07452998416739,2.265,3.81876414871936,"SG-NES3","SG-NES38103",8103,26,42.3,2.632,"D",-106.98316766108,38.9308635928086,"PIEN","SG-NES3",2.44627,25.6875,231,46,"","PIEN",5
2521,1,4,2521,8161,NA,20.6,328102.368856919,4310972.09810655,23.621,0.856394584507355,3.021,3.14004023610741,"SG-NES3","SG-NES38161",8161,20.6,33.9,2.1892,"D",-106.983136847229,38.9308440557526,"PIEN","SG-NES3",2.436922,15.5625,232,46,"","PIEN",4
2523,1,90,2523,8095,NA,22.9,328100.227959316,4310981.39691437,23.28,3.23368295171879,0.380000000000003,3.25593388020038,"SG-NES3","SG-NES38095",8095,22.9,39.5,2.3778,"D",-106.983163865342,38.9309273817842,"PIEN","SG-NES3",2.40896,20.125,233,47,"","PICO",4
2525,1,5,2525,8096,NA,22.5,328097.200123384,4310976.19505999,22.716,0.44784603688984,0.216000000000001,0.497214312704227,"SG-NES3","SG-NES38096",8096,22.5,47.4,2.345,"D",-106.983197472128,38.9308799402637,"PIEN","SG-NES3",2.362712,7.375,234,46,"","PIEN",5
2526,1,6,2526,8184,NA,21.4,328110.571597601,4310989.03222818,22.434,4.38310879687756,1.034,4.50342078039188,"SG-NES3","SG-NES38184",8184,21.4,31.7,2.2548,"D",-106.983046515486,38.9309981727215,"PIEN","SG-NES3",2.339588,4.3125,235,47,"","PICO",4
2528,1,91,2528,8142,NA,21.5,328107.241500982,4310968.32808325,21.967,3.13033682211148,0.466999999999999,3.16497987669226,"SG-NES3","SG-NES38142",8142,21.5,40.7,2.263,"D",-106.983079718406,38.9308110575394,"PIEN","SG-NES3",2.301294,5.75,236,46,"","PIEN",5
2529,1,92,2529,8083,NA,21.1,328099.318149509,4310980.49235684,21.565,3.64769983276639,0.465,3.67721893147035,"SG-NES3","SG-NES38083",8083,21.1,32.5,2.2302,"D",-106.983174128787,38.9309190570031,"PICO","SG-NES3",2.26833,16.875,237,46,"","PIEN",4
2531,1,7,2531,8094,NA,21.6,328100.512674911,4310980.75743257,21.364,0.54675943134916,0.236000000000001,0.595518157379989,"SG-NES3","SG-NES38094",8094,21.6,29.6,2.2712,"D",-106.983160422047,38.93092167837,"PIEN","SG-NES3",2.251848,6.6875,238,47,"","PICO",3
2532,1,8,2532,8105,NA,21.7,328103.147226398,4310967.40851098,20.879,1.23008901402613,0.820999999999998,1.47890499438867,"SG-NES3","SG-NES38105",8105,21.7,40.7,2.2794,"D",-106.983126695873,38.9308019735303,"PICO","SG-NES3",2.212078,4.5,239,47,"","PICO",5
2737,1,NA,2737,NA,NA,NA,NA,NA,36.539,NA,NA,NA,"SR-PVG1","SR-PVG1NA",NA,NA,NA,NA,NA,NA,NA,NA,NA,3.496198,16.5625,240,46,"","PIEN",NA
2738,1,1,2738,8636,NA,33.6,319710.075960036,4313768.62854032,33.641,4.7558892631307,0.0409999999999968,4.75606598810002,"SR-PVG1","SR-PVG18636",8636,33.6,58.1,3.2552,"D",-107.080634668089,38.9543435826144,"PIEN","SR-PVG1",3.258562,9.5,241,46,"","PIEN",NA
2739,1,NA,2739,NA,NA,NA,NA,NA,32.433,NA,NA,NA,"SR-PVG1","SR-PVG1NA",NA,NA,NA,NA,NA,NA,NA,NA,NA,3.159506,16.9375,242,46,"","PIEN",NA
2740,1,2,2740,8655,NA,32.5,319713.133884371,4313762.56388579,32.261,1.38134868165446,0.238999999999997,1.40187202707969,"SR-PVG1","SR-PVG18655",8655,32.5,50.2,3.165,"D",-107.080597802225,38.9542895965181,"PIEN","SR-PVG1",3.145402,7.9375,243,46,"","PIEN",NA
2741,1,NA,2741,NA,NA,NA,NA,NA,31.733,NA,NA,NA,"SR-PVG1","SR-PVG1NA",NA,NA,NA,NA,NA,NA,NA,NA,NA,3.102106,13.1875,244,46,"","PIEN",NA
2742,1,NA,2742,NA,NA,NA,NA,NA,31.317,NA,NA,NA,"SR-PVG1","SR-PVG1NA",NA,NA,NA,NA,NA,NA,NA,NA,NA,3.067994,14.25,245,46,"","PIEN",NA
2743,1,3,2743,8668,NA,30.8,319694.282766563,4313761.79232264,30.56,2.51472776381368,0.240000000000002,2.52615433536737,"SR-PVG1","SR-PVG18668",8668,30.8,48.6,3.0256,"D",-107.080815016312,38.954278770586,"PIEN","SR-PVG1",3.00592,14.25,246,46,"","PIEN",5
2744,1,NA,2744,NA,NA,NA,NA,NA,30.393,NA,NA,NA,"SR-PVG1","SR-PVG1NA",NA,NA,NA,NA,NA,NA,NA,NA,NA,2.992226,18.5625,247,46,"","PIEN",NA
2746,1,NA,2746,NA,NA,NA,NA,NA,29.578,NA,NA,NA,"SR-PVG1","SR-PVG1NA",NA,NA,NA,NA,NA,NA,NA,NA,NA,2.925396,12.125,248,46,"","PIEN",NA
2749,1,NA,2749,NA,NA,NA,NA,NA,29.222,NA,NA,NA,"SR-PVG1","SR-PVG1NA",NA,NA,NA,NA,NA,NA,NA,NA,NA,2.896204,14,249,46,"","PIEN",NA
2750,1,NA,2750,NA,NA,NA,NA,NA,28.835,NA,NA,NA,"SR-PVG1","SR-PVG1NA",NA,NA,NA,NA,NA,NA,NA,NA,NA,2.86447,2.5,250,46,"","PIEN",NA
2752,1,NA,2752,NA,NA,NA,NA,NA,28.206,NA,NA,NA,"SR-PVG1","SR-PVG1NA",NA,NA,NA,NA,NA,NA,NA,NA,NA,2.812892,15.75,251,46,"","PIEN",NA
2753,1,NA,2753,NA,NA,NA,NA,NA,27.607,NA,NA,NA,"SR-PVG1","SR-PVG1NA",NA,NA,NA,NA,NA,NA,NA,NA,NA,2.763774,9.75,252,45,"Evergreen forest","ABLA",NA
2754,1,NA,2754,NA,NA,NA,NA,NA,27.491,NA,NA,NA,"SR-PVG1","SR-PVG1NA",NA,NA,NA,NA,NA,NA,NA,NA,NA,2.754262,12.5625,253,46,"","PIEN",NA
2755,1,NA,2755,NA,NA,NA,NA,NA,27.261,NA,NA,NA,"SR-PVG1","SR-PVG1NA",NA,NA,NA,NA,NA,NA,NA,NA,NA,2.735402,17.4375,254,46,"","PIEN",NA
2756,1,NA,2756,NA,NA,NA,NA,NA,26.999,NA,NA,NA,"SR-PVG1","SR-PVG1NA",NA,NA,NA,NA,NA,NA,NA,NA,NA,2.713918,2.75,255,46,"","PIEN",NA
2757,1,NA,2757,NA,NA,NA,NA,NA,26.948,NA,NA,NA,"SR-PVG1","SR-PVG1NA",NA,NA,NA,NA,NA,NA,NA,NA,NA,2.709736,5.5625,256,46,"","PIEN",NA
2759,1,NA,2759,NA,NA,NA,NA,NA,26.741,NA,NA,NA,"SR-PVG1","SR-PVG1NA",NA,NA,NA,NA,NA,NA,NA,NA,NA,2.692762,3.5625,257,46,"","PIEN",NA
2760,1,NA,2760,NA,NA,NA,NA,NA,26.512,NA,NA,NA,"SR-PVG1","SR-PVG1NA",NA,NA,NA,NA,NA,NA,NA,NA,NA,2.673984,2.875,258,46,"","PIEN",NA
2761,1,NA,2761,NA,NA,NA,NA,NA,25.698,NA,NA,NA,"SR-PVG1","SR-PVG1NA",NA,NA,NA,NA,NA,NA,NA,NA,NA,2.607236,4.25,259,47,"","PICO",NA
2762,1,NA,2762,NA,NA,NA,NA,NA,24.524,NA,NA,NA,"SR-PVG1","SR-PVG1NA",NA,NA,NA,NA,NA,NA,NA,NA,NA,2.510968,4.8125,260,46,"","PIEN",NA
2763,1,NA,2763,NA,NA,NA,NA,NA,24.396,NA,NA,NA,"SR-PVG1","SR-PVG1NA",NA,NA,NA,NA,NA,NA,NA,NA,NA,2.500472,15,261,46,"","PIEN",NA
2764,1,NA,2764,NA,NA,NA,NA,NA,24.207,NA,NA,NA,"SR-PVG1","SR-PVG1NA",NA,NA,NA,NA,NA,NA,NA,NA,NA,2.484974,6.1875,262,46,"","PIEN",NA
2765,1,NA,2765,NA,NA,NA,NA,NA,24.092,NA,NA,NA,"SR-PVG1","SR-PVG1NA",NA,NA,NA,NA,NA,NA,NA,NA,NA,2.475544,5.25,263,45,"Evergreen forest","ABLA",NA
2766,1,NA,2766,NA,NA,NA,NA,NA,23.59,NA,NA,NA,"SR-PVG1","SR-PVG1NA",NA,NA,NA,NA,NA,NA,NA,NA,NA,2.43438,5.5,264,46,"","PIEN",NA
2767,1,NA,2767,NA,NA,NA,NA,NA,23.349,NA,NA,NA,"SR-PVG1","SR-PVG1NA",NA,NA,NA,NA,NA,NA,NA,NA,NA,2.414618,3.25,265,46,"","PIEN",NA
3003,1,1,3003,4579,NA,26.3,327833.362141126,4311233.19141797,28.25,2.92566586065675,1.95,3.51596654253313,"SG-NES1","SG-NES14579",4579,26.3,41.6,2.6566,"D",-106.986304179378,38.9331427160014,"PIEN","SG-NES1",2.8165,16.625,266,46,"","PIEN",5
3004,1,NA,3004,NA,NA,NA,NA,NA,27.649,NA,NA,NA,"SG-NES1","SG-NES1NA",NA,NA,NA,NA,NA,NA,NA,NA,NA,2.767218,13.0625,267,46,"","PIEN",NA
3005,1,2,3005,4343,NA,24,327819.092478566,4311214.4247061,26.14,3.32902275382251,2.14,3.9575235306272,"SG-NES1","SG-NES14343",4343,24,52.4,2.468,"D",-106.986464001272,38.9329709014201,"PIEN","SG-NES1",2.64348,10.1875,268,46,"","PIEN",NA
3006,1,3,3006,4373,NA,23.8,327829.580631991,4311208.52147054,25.3,3.63458278779614,1.5,3.93194507099781,"SG-NES1","SG-NES14373",4373,23.8,43.3,2.4516,"D",-106.986341582886,38.9329197954021,"PIEN","SG-NES1",2.5746,9,269,46,"","PIEN",5
3007,1,NA,3007,NA,NA,NA,NA,NA,25.298,NA,NA,NA,"SG-NES1","SG-NES1NA",NA,NA,NA,NA,NA,NA,NA,NA,NA,2.574436,5.75,270,45,"Evergreen forest","ABLA",NA
3008,1,NA,3008,NA,NA,NA,NA,NA,24.689,NA,NA,NA,"SG-NES1","SG-NES1NA",NA,NA,NA,NA,NA,NA,NA,NA,NA,2.524498,27.25,271,46,"","PIEN",NA
3009,1,4,3009,4382,NA,23.5,327829.944693033,4311213.42383588,24.34,0.767451264959095,0.84,1.13779674990189,"SG-NES1","SG-NES14382",4382,23.5,43.2,2.427,"D",-106.986338617031,38.9329640177248,"PIEN","SG-NES1",2.49588,9.9375,272,46,"","PIEN",5
3010,1,5,3010,4623,NA,25.4,327814.98877118,4311239.84720693,24.329,4.35581294061641,1.071,4.4855487260358,"SG-NES1","SG-NES14623",4623,25.4,47.3,2.5828,"D",-106.98651770895,38.9331990517202,"PIEN","SG-NES1",2.494978,11.4375,273,46,"","PIEN",5
3011,1,6,3011,4556,NA,22.6,327829.108716684,4311230.98450797,23.958,2.77251452535863,1.358,3.08723189820988,"SG-NES1","SG-NES14556",4556,22.6,28,2.3532,"D",-106.986352669485,38.9331220056234,"PIEN","SG-NES1",2.464556,4.6875,274,46,"","PIEN",3
3012,1,NA,3012,NA,NA,NA,NA,NA,23.662,NA,NA,NA,"SG-NES1","SG-NES1NA",NA,NA,NA,NA,NA,NA,NA,NA,NA,2.440284,5.1875,275,46,"","PIEN",NA
3013,1,7,3013,4329,NA,23.6,327812.849048237,4311218.96153563,23.39,1.85215669710047,0.210000000000001,1.86402372050737,"SG-NES1","SG-NES14329",4329,23.6,29.6,2.4352,"D",-106.986537132108,38.9330105346709,"ABLA","SG-NES1",2.41798,12.5,276,46,"","PIEN",3
3014,1,123,3014,4662,NA,21.7,327822.130716245,4311240.40039837,23.122,2.98259795822131,1.422,3.30423585423104,"SG-NES1","SG-NES14662",4662,21.7,37,2.2794,"D",-106.986435496693,38.933205435728,"PIEN","SG-NES1",2.396004,11,277,46,"","PIEN",4
3015,1,8,3015,4750,NA,21.9,327846.706082388,4311234.2716938,23.103,4.29356121883902,1.203,4.45890983760812,"SG-NES1","SG-NES14750",4750,21.9,31.1,2.2958,"D",-106.986150586584,38.9331550640564,"PIEN","SG-NES1",2.394446,15.0625,278,45,"Evergreen forest","ABLA",4
3016,1,9,3016,4620,NA,22,327819.1242255,4311235.15020605,22.733,2.6511049192405,0.733000000000001,2.75057199375351,"SG-NES1","SG-NES14620",4620,22,31.4,2.304,"D",-106.986468843996,38.9331575621683,"PIEN","SG-NES1",2.364106,14.8125,279,46,"","PIEN",4
3018,1,10,3018,4790,NA,24,327831.468815172,4311242.4891895,22.374,2.86920274001987,1.626,3.29790848316589,"SG-NES1","SG-NES14790",4790,24,45.8,2.468,"D",-106.986328347232,38.9332260804099,"PIEN","SG-NES1",2.334668,9.75,280,46,"","PIEN",5
3020,1,11,3020,4804,NA,21.2,327817.381088946,4311252.20464408,22.286,2.14140083238086,1.086,2.40104009231862,"SG-NES1","SG-NES14804",4804,21.2,34.7,2.2384,"D",-106.98649322973,38.9333108128028,"PIEN","SG-NES1",2.327452,6.25,281,46,"","PIEN",4
3021,1,12,3021,4765,NA,25.2,327832.716028262,4311237.63450943,22.197,3.06422783571911,3.003,4.29039639534575,"SG-NES1","SG-NES14765",4765,25.2,35.6,2.5664,"D",-106.986312746042,38.9331826038089,"PIEN","SG-NES1",2.320154,10.125,282,46,"","PIEN",4
3022,1,13,3022,4818,NA,24.7,327814.843379361,4311251.03860886,22.084,1.88446828331984,2.616,3.22407765273084,"SG-NES1","SG-NES14818",4818,24.7,41.6,2.5254,"D",-106.98652219816,38.9332998132972,"PIEN","SG-NES1",2.310888,2.6875,283,47,"","PICO",5
3023,1,14,3023,4573,NA,22.4,327837.584137978,4311230.099423,21.864,2.65576140681627,0.535999999999998,2.70931073336646,"SG-NES1","SG-NES14573",4573,22.4,30.8,2.3368,"D",-106.986254720026,38.933115698078,"PIEN","SG-NES1",2.292848,20.6875,284,47,"","PICO",4
3308,1,101,3308,2103,NA,13.9,324843.413614482,4304819.32614267,16.825,1.01561858805664,2.925,3.09630523631088,"CC-CVN2","CC-CVN22103",2103,13.9,12.8,1.6398,"D",-107.019142305405,38.8747881764399,"PICO","CC-CVN2",1.87965,2.625,285,47,"","PICO",2
3309,1,1,3309,1705,NA,14.4,324853.04206789,4304836.11171136,16.443,0.794986151209888,2.043,2.19222534895834,"CC-CVN2","CC-CVN21705",1705,14.4,27.5,1.6808,"D",-107.01903565504,38.8749412649602,"PICO","CC-CVN2",1.848326,7.75,286,47,"","PICO",3
3310,1,102,3310,2041,NA,13.9,324853.714521001,4304836.67740326,16.272,3.43490123086431,2.372,4.17431796414614,"CC-CVN2","CC-CVN22041",2041,13.9,16.4,1.6398,"D",-107.019028051907,38.8749464935448,"PICO","CC-CVN2",1.834304,9.9375,287,47,"","PICO",2
3311,1,103,3311,2131,NA,14.6,324833.510874488,4304820.71321989,16.036,2.09774613646699,1.436,2.54217128712095,"CC-CVN2","CC-CVN22131",2131,14.6,21.3,1.6972,"D",-107.019256748267,38.8747986949566,"PICO","CC-CVN2",1.814952,1.4375,288,47,"","PICO",3
3313,1,2,3313,2111,NA,14.4,324837.613768904,4304818.75122321,15.509,1.63623155310524,1.109,1.9766473371285,"CC-CVN2","CC-CVN22111",2111,14.4,20.3,1.6808,"D",-107.019208978729,38.8747818429682,"PICO","CC-CVN2",1.771738,11.0625,289,47,"","PICO",3
3314,1,3,3314,1706,NA,13.7,324860.566823263,4304839.03092941,15.235,1.29396053925419,1.535,2.00762518343116,"CC-CVN2","CC-CVN21706",1706,13.7,17.2,1.6234,"I",-107.01894970642,38.8749690546569,"PICO","CC-CVN2",1.74927,21.1875,290,47,"","PICO",2
3315,1,4,3315,2058,NA,14.8,324854.632265486,4304822.41488069,15.209,1.42230897811562,0.408999999999999,1.4799472386637,"CC-CVN2","CC-CVN22058",2058,14.8,22.7,1.7136,"D",-107.019013842915,38.8748182289575,"PICO","CC-CVN2",1.747138,5.75,291,47,"","PICO",3
3316,1,129,3316,1923,NA,14.6,324822.794329574,4304842.28251489,15.192,1.4236051755228,0.592000000000001,1.54178977029143,"CC-CVN2","CC-CVN21923",1923,14.6,16.4,1.6972,"D",-107.019385712568,38.8749908110247,"PICO","CC-CVN2",1.745744,7.9375,292,47,"","PICO",2
3317,1,104,3317,1891,NA,14.9,324823.659943327,4304840.90343617,15.008,2.61313988468944,0.107999999999999,2.61537073030856,"CC-CVN2","CC-CVN21891",1891,14.9,16.7,1.7218,"D",-107.01937538822,38.8749785636397,"PICO","CC-CVN2",1.730656,22.75,293,47,"","PICO",2
3318,1,105,3318,1935,NA,12.8,324827.916988948,4304832.95619832,14.95,2.19427525666041,2.15,3.07202602560462,"CC-CVN2","CC-CVN21935",1935,12.8,12.1,1.5496,"I",-107.019324316625,38.8749078396977,"PICO","CC-CVN2",1.7259,6.3125,294,47,"","PICO",2
3319,1,5,3319,2082,NA,14.2,324847.486279476,4304810.87132809,14.755,2.24895421696611,0.555000000000001,2.31642398321413,"CC-CVN2","CC-CVN22082",2082,14.2,22.2,1.6644,"D",-107.019093229034,38.8747128444357,"PICO","CC-CVN2",1.70991,11.375,295,47,"","PICO",3
3320,1,6,3320,2177,NA,13.9,324822.651744757,4304816.12137795,14.749,2.19039739626554,0.849,2.34917895307421,"CC-CVN2","CC-CVN22177",2177,13.9,13.3,1.6398,"D",-107.01938068535,38.8747551769621,"PICO","CC-CVN2",1.709418,9.3125,296,47,"","PICO",2
3321,1,7,3321,1894,NA,15.6,324821.059649316,4304837.14341964,14.723,1.40636114623748,0.876999999999999,1.65740178401207,"CC-CVN2","CC-CVN21894",1894,15.6,20.1,1.7792,"D",-107.019404387573,38.874944182917,"PICO","CC-CVN2",1.707286,2.75,297,47,"","PICO",3
3322,1,8,3322,1953,NA,14.8,324831.906144918,4304828.05274392,14.615,3.71321139146008,0.185,3.71781707964081,"CC-CVN2","CC-CVN21953",1953,14.8,18.8,1.7136,"D",-107.019277107475,38.8748644744776,"PICO","CC-CVN2",1.69843,9.5,298,47,"","PICO",2
3589,1,NA,3589,NA,NA,NA,NA,NA,27.128,NA,NA,NA,"CC-EMN1","CC-EMN1NA",NA,NA,NA,NA,NA,NA,NA,NA,NA,2.724496,16,299,46,"","PIEN",NA
3590,1,1,3590,2469,NA,27.6,320640.616177438,4305097.06262057,27.074,0.886213521142374,0.526,1.03055829774718,"CC-EMN1","CC-EMN12469",2469,27.6,54.3,2.7632,"D",-107.067634127273,38.8764418388542,"PIEN","CC-EMN1",2.720068,23.875,300,46,"","PIEN",NA
3591,1,NA,3591,NA,NA,NA,NA,NA,25.989,NA,NA,NA,"CC-EMN1","CC-EMN1NA",NA,NA,NA,NA,NA,NA,NA,NA,NA,2.631098,20.1875,301,46,"","PIEN",NA
3592,1,NA,3592,NA,NA,NA,NA,NA,23.814,NA,NA,NA,"CC-EMN1","CC-EMN1NA",NA,NA,NA,NA,NA,NA,NA,NA,NA,2.452748,22.6875,302,46,"","PIEN",NA
3593,1,2,3593,2562,NA,23,320657.640155173,4305088.48703932,23.358,1.84098242968532,0.358000000000001,1.87546802329713,"CC-EMN1","CC-EMN12562",2562,23,37,2.386,"D",-107.067435757256,38.8763680838581,"ABLA","CC-EMN1",2.415356,15.4375,303,46,"","PIEN",4
3594,1,3,3594,2311,NA,24.9,320639.222982609,4305066.55938254,22.873,1.66410557071464,2.027,2.62258962677798,"CC-EMN1","CC-EMN12311",2311,24.9,53.3,2.5418,"D",-107.067642214949,38.8761668525444,"PIEN","CC-EMN1",2.375586,12.3125,304,46,"","PIEN",NA
3596,1,4,3596,2325,NA,25.4,320632.508072934,4305075.92056801,22.172,2.26450586707538,3.228,3.94309153102218,"CC-EMN1","CC-EMN12325",2325,25.4,69,2.5828,"D",-107.067722020335,38.876249785957,"PIEN","CC-EMN1",2.318104,10.25,305,46,"","PIEN",NA
3597,1,82,3597,2561,NA,20.5,320662.942947729,4305087.75858656,22.078,1.05429025912993,1.578,1.8977913348143,"CC-EMN1","CC-EMN12561",2561,20.5,27.3,2.181,"D",-107.067374474243,38.8763626056497,"PIEN","CC-EMN1",2.310396,6.25,306,46,"","PIEN",3
3598,1,5,3598,2546,NA,20.9,320662.0093678,4305086.78752054,21.393,1.25992660397685,0.493000000000002,1.35294643183262,"CC-EMN1","CC-EMN12546",2546,20.9,39.8,2.2138,"D",-107.067384976435,38.8763536700633,"PIEN","CC-EMN1",2.254226,28,307,46,"","PIEN",4
3599,1,83,3599,2326,NA,25.1,320636.328347438,4305076.18702863,21.37,4.06898639651274,3.73,5.51992303343133,"CC-EMN1","CC-EMN12326",2326,25.1,71,2.5582,"D",-107.067678077033,38.8762529652205,"PIEN","CC-EMN1",2.25234,4.1875,308,46,"","PIEN",NA
3600,1,109,3600,2508,NA,18.9,320648.904727551,4305067.57198682,20.543,3.67488750795615,1.643,4.02544993710419,"CC-EMN1","CC-EMN12508",2508,18.9,26.4,2.0498,"D",-107.067530937332,38.8761779473754,"PIEN","CC-EMN1",2.184526,29.75,309,46,"","PIEN",3
3601,1,84,3601,2534,NA,19.5,320654.532149941,4305069.64234803,20.484,1.64622345284886,0.984000000000002,1.91789146113893,"CC-EMN1","CC-EMN12534",2534,19.5,30.2,2.099,"D",-107.067466645057,38.8761977406427,"PIEN","CC-EMN1",2.179688,13.3125,310,46,"","PIEN",4
3602,1,110,3602,2509,NA,18.6,320643.405499408,4305072.25286942,20.075,2.78483384149972,1.475,3.15133694243603,"CC-EMN1","CC-EMN12509",2509,18.6,33.8,2.0252,"D",-107.067595515092,38.8762189796901,"PIEN","CC-EMN1",2.14615,26.1875,311,46,"","PIEN",4
3775,1,1,3775,1311,NA,33.3,323407.854602033,4303280.91059831,33.58,3.78242499151856,0.280000000000001,3.79277455386742,"CC-CVS1","CC-CVS11311",1311,33.3,50.4,3.2306,"D",-107.035285979905,38.8606461776424,"PIEN","CC-CVS1",3.25356,9.625,312,46,"","PIEN",NA
3776,1,2,3776,1248,NA,29.9,323398.989214752,4303294.06107394,32.069,2.82198886618871,2.169,3.55923898620099,"CC-CVS1","CC-CVS11248",1248,29.9,45.4,2.9518,"D",-107.035391474224,38.8607628288904,"PIEN","CC-CVS1",3.129658,25.0625,313,46,"","PIEN",5
3777,1,3,3777,1250,NA,32.5,323394.087297455,4303290.69020754,30.31,4.63721980174953,2.19,5.12834354248406,"CC-CVS1","CC-CVS11250",1250,32.5,53.9,3.165,"D",-107.035447071619,38.8607314868942,"PIEN","CC-CVS1",2.98542,9.375,314,46,"","PIEN",NA
3778,1,4,3778,1019,NA,28.6,323395.018576871,4303312.89801332,28.882,1.42450290980205,0.282,1.45214756138435,"CC-CVS1","CC-CVS11019",1019,28.6,43.8,2.8452,"D",-107.035442048744,38.8609316745884,"PIEN","CC-CVS1",2.868324,19.25,315,46,"","PIEN",5
3779,1,5,3779,1309,NA,26.4,323400.973048381,4303277.18322467,28.393,2.02123485954647,1.993,2.83856290355628,"CC-CVS1","CC-CVS11309",1309,26.4,40.4,2.6648,"D",-107.035364288283,38.8606112275022,"PIEN","CC-CVS1",2.828226,10.375,316,46,"","PIEN",5
3780,1,NA,3780,NA,NA,NA,NA,NA,28.276,NA,NA,NA,"CC-CVS1","CC-CVS1NA",NA,NA,NA,NA,NA,NA,NA,NA,NA,2.818632,6.5,317,46,"","PIEN",NA
3781,1,NA,3781,NA,NA,NA,NA,NA,28.236,NA,NA,NA,"CC-CVS1","CC-CVS1NA",NA,NA,NA,NA,NA,NA,NA,NA,NA,2.815352,9.375,318,46,"","PIEN",NA
3782,1,6,3782,1229,NA,26.9,323413.687883447,4303294.56705803,27.552,3.23219656431674,0.652000000000001,3.29730171964607,"CC-CVS1","CC-CVS11229",1229,26.9,44.8,2.7058,"D",-107.035222296101,38.8607703373394,"PIEN","CC-CVS1",2.759264,21.9375,319,46,"","PIEN",5
3783,1,7,3783,1260,NA,27.4,323391.208686421,4303298.08423232,27.353,2.59635946737522,0.046999999999997,2.59678483587473,"CC-CVS1","CC-CVS11260",1260,27.4,40,2.7468,"D",-107.035482128383,38.8607974984454,"PIEN","CC-CVS1",2.742946,10.1875,320,46,"","PIEN",4
3784,1,8,3784,1215,NA,26.4,323406.963884552,4303300.70134121,26.596,1.89206421637659,0.196000000000002,1.90218900188514,"CC-CVS1","CC-CVS11215",1215,26.4,34.9,2.6648,"D",-107.03530132266,38.8608242317112,"PIEN","CC-CVS1",2.680872,11.625,321,46,"","PIEN",4
3786,1,NA,3786,NA,NA,NA,NA,NA,25.778,NA,NA,NA,"CC-CVS1","CC-CVS1NA",NA,NA,NA,NA,NA,NA,NA,NA,NA,2.613796,9.875,322,46,"","PIEN",NA
3787,1,NA,3787,NA,NA,NA,NA,NA,25.694,NA,NA,NA,"CC-CVS1","CC-CVS1NA",NA,NA,NA,NA,NA,NA,NA,NA,NA,2.606908,3.3125,323,45,"Evergreen forest","ABLA",NA
3791,1,NA,3791,NA,NA,NA,NA,NA,24.674,NA,NA,NA,"CC-CVS1","CC-CVS1NA",NA,NA,NA,NA,NA,NA,NA,NA,NA,2.523268,24.5,324,46,"","PIEN",NA
3793,1,NA,3793,NA,NA,NA,NA,NA,24.405,NA,NA,NA,"CC-CVS1","CC-CVS1NA",NA,NA,NA,NA,NA,NA,NA,NA,NA,2.50121,3.25,325,20,"Urban",NA,NA
3801,1,NA,3801,NA,NA,NA,NA,NA,23.476,NA,NA,NA,"CC-CVS1","CC-CVS1NA",NA,NA,NA,NA,NA,NA,NA,NA,NA,2.425032,18.75,326,46,"","PIEN",NA
4047,1,NA,4047,NA,NA,NA,NA,NA,28.133,NA,NA,NA,"CC-CVN1","CC-CVN1NA",NA,NA,NA,NA,NA,NA,NA,NA,NA,2.806906,13.5625,327,46,"","PIEN",NA
4048,1,1,4048,1499,NA,28,319947.371872388,4303402.19464401,27.92,2.68004386048694,0.0799999999999983,2.68123760493801,"CC-CVN1","CC-CVN11499",1499,28,52.3,2.796,"D",-107.075176895019,38.8610367368974,"PIEN","CC-CVN1",2.78944,23.375,328,46,"","PIEN",NA
4049,1,2,4049,1464,NA,26.5,319926.698999238,4303404.32858391,27.023,2.59347535533039,0.523,2.64568392267596,"CC-CVN1","CC-CVN11464",1464,26.5,42.8,2.673,"D",-107.075415571355,38.8610517215604,"PIEN","CC-CVN1",2.715886,14.6875,329,46,"","PIEN",5
4050,1,110,4050,1585,NA,25.9,319945.533466478,4303417.02732646,26.972,4.29983189961768,1.072,4.43144878848552,"CC-CVN1","CC-CVN11585",1585,25.9,50.2,2.6238,"D",-107.075201954685,38.8611699384064,"PIEN","CC-CVN1",2.711704,16.25,330,46,"","PIEN",NA
4051,1,NA,4051,NA,NA,NA,NA,NA,26.732,NA,NA,NA,"CC-CVN1","CC-CVN1NA",NA,NA,NA,NA,NA,NA,NA,NA,NA,2.692024,4.0625,331,46,"","PIEN",NA
4052,1,3,4052,1516,NA,27.4,319955.679450477,4303412.45551533,26.465,1.36386153213909,0.934999999999999,1.65358497781299,"CC-CVN1","CC-CVN11516",1516,27.4,51.7,2.7468,"D",-107.075083892258,38.8611308435645,"PIEN","CC-CVN1",2.67013,6.1875,332,46,"","PIEN",NA
4053,1,NA,4053,NA,NA,NA,NA,NA,26.46,NA,NA,NA,"CC-CVN1","CC-CVN1NA",NA,NA,NA,NA,NA,NA,NA,NA,NA,2.66972,6.5,333,46,"","PIEN",NA
4054,1,4,4054,1423,NA,28.1,319952.870672629,4303399.29776665,26.262,2.62542072732376,1.838,3.20485225797715,"CC-CVN1","CC-CVN11423",1423,28.1,43,2.8042,"D",-107.07511279931,38.8610117744567,"PIEN","CC-CVN1",2.653484,22.0625,334,46,"","PIEN",5
4055,1,5,4055,1528,NA,26,319957.624591967,4303423.47048561,25.636,3.33861496133069,0.364000000000001,3.3583993002651,"CC-CVN1","CC-CVN11528",1528,26,45.5,2.632,"D",-107.07506437172,38.861230438744,"PIEN","CC-CVN1",2.602152,10.1875,335,46,"","PIEN",5
4056,1,NA,4056,NA,NA,NA,NA,NA,25.123,NA,NA,NA,"CC-CVN1","CC-CVN1NA",NA,NA,NA,NA,NA,NA,NA,NA,NA,2.560086,16.75,336,46,"","PIEN",NA
4057,1,NA,4057,NA,NA,NA,NA,NA,25.071,NA,NA,NA,"CC-CVN1","CC-CVN1NA",NA,NA,NA,NA,NA,NA,NA,NA,NA,2.555822,17.125,337,45,"Evergreen forest","ABLA",NA
4058,1,NA,4058,NA,NA,NA,NA,NA,24.488,NA,NA,NA,"CC-CVN1","CC-CVN1NA",NA,NA,NA,NA,NA,NA,NA,NA,NA,2.508016,12.8125,338,46,"","PIEN",NA
4059,1,6,4059,1454,NA,24.6,319928.50480873,4303402.91591565,24.445,2.84467095445728,0.155000000000001,2.84889063305927,"CC-CVN1","CC-CVN11454",1454,24.6,58.1,2.5172,"D",-107.075394401428,38.8610393693351,"PIEN","CC-CVN1",2.50449,7.0625,339,46,"","PIEN",NA
4060,1,NA,4060,NA,NA,NA,NA,NA,24.331,NA,NA,NA,"CC-CVN1","CC-CVN1NA",NA,NA,NA,NA,NA,NA,NA,NA,NA,2.495142,5.0625,340,46,"","PIEN",NA
4061,1,7,4061,1439,NA,26.9,319938.350695745,4303396.20128579,24.288,3.60102526038736,2.612,4.44858707073919,"CC-CVN1","CC-CVN11439",1439,26.9,42.2,2.7058,"D",-107.075279234583,38.8609809157691,"PIEN","CC-CVN1",2.491616,21.3125,341,46,"","PIEN",5
4062,1,NA,4062,NA,NA,NA,NA,NA,23.963,NA,NA,NA,"CC-CVN1","CC-CVN1NA",NA,NA,NA,NA,NA,NA,NA,NA,NA,2.464966,4,342,46,"","PIEN",NA
4063,1,92,4063,1583,NA,23.3,319942.774485715,4303413.16132318,23.958,2.1535217995448,0.657999999999998,2.25180375279789,"CC-CVN1","CC-CVN11583",1583,23.3,36.8,2.4106,"D",-107.075232721249,38.861134557653,"ABLA","CC-CVN1",2.464556,10.6875,343,46,"","PIEN",4
4064,1,NA,4064,NA,NA,NA,NA,NA,23.943,NA,NA,NA,"CC-CVN1","CC-CVN1NA",NA,NA,NA,NA,NA,NA,NA,NA,NA,2.463326,17.6875,344,46,"","PIEN",NA
4065,1,8,4065,1571,NA,21.6,319956.144863751,4303426.96401596,23.533,0.449132736045461,1.933,1.98449218053075,"CC-CVN1","CC-CVN11571",1571,21.6,44.1,2.2712,"D",-107.07508233061,38.8612615973001,"PIEN","CC-CVN1",2.429706,28.4375,345,46,"","PIEN",5
